"rounds","dis","accuracy","scrambling","gir","putts","score"
60,291.5,75.19,60.67,73.51,29.93,69.617
109,283.5,73.58,60.13,68.22,29.31,70.758
93,286.5,72.24,62.27,68.67,29.12,70.432
78,289.2,71.94,64.16,68.8,29.17,70.015
103,278.9,71.44,59.23,67.12,29.11,71.038
103,282.9,71.37,63.26,64.52,28.25,70.28
93,295.7,71.29,54.8,71.09,29.89,70.404
94,295.2,70.16,61.05,68.84,29.04,70.152
77,293,70.03,54.33,68.77,29.8,70.489
50,280.5,69.91,62.58,63.19,28.73,70.342
60,288.9,69.79,61.03,66.57,29.29,71.631
94,295.1,69.11,60.93,71.56,29.67,70.436
104,292.7,68.98,56.89,71.2,29.66,70.457
82,285.4,68.93,58.57,63.03,28.5,71.043
98,299.6,67.9,56.78,69.18,29.68,70.303
75,295.1,67.85,57.98,70.16,29.47,69.887
86,295.4,67.8,58.03,71.75,29.46,70.154
94,291.7,67.7,59.43,69.57,29.7,70.568
65,281.1,67.52,63,64.88,28.69,71.097
83,286.1,67.51,59.91,67.02,29.15,70.692
94,291.9,67.14,56.95,67.59,29.29,70.536
82,297.3,66.91,56.47,72.08,29.88,70.914
87,286,66.83,57.51,63.03,28.45,71.024
107,292.3,66.76,62.02,66.51,28.72,70.469
97,294.4,66.74,52.76,69.65,30.19,71.04
66,285.1,66.63,55.65,68.89,29.58,71.325
77,286.7,66.49,64,63.77,28.52,70.675
73,293.6,66.41,57.11,67.01,28.97,70.593
93,295.8,66.36,63.31,68.82,29.26,70.578
89,290.8,66.33,60.29,65.38,28.91,70.729
81,291.8,66.22,54.77,70.52,30.37,71.372
85,298.2,66.18,55.76,69.48,29.63,70.525
70,303.5,66.02,63.03,69.95,28.67,68.993
94,288.6,65.84,58.93,63.83,28.92,71.333
60,291.3,65.77,60,66.27,29.14,71.465
84,296.6,65.68,55.96,69.72,29.86,70.736
92,289.4,65.6,58.59,68.04,29.26,70.75
90,290.2,65.56,57.36,64.95,28.74,71.281
51,293.6,65.53,51.02,60.3,29.88,72.182
74,299.8,65.33,63.05,69.52,28.99,69.435
81,298.7,65.33,58.2,67.04,29.67,71.486
51,294.7,65.12,55.59,62.2,28.93,70.629
82,290.9,65.09,55.63,67.78,29.29,70.594
65,297.7,65.06,59.83,67.12,29.64,71.066
98,291.8,65.06,56.49,66.97,29.36,71.185
67,296.9,65.04,58.81,68.96,29.02,71.135
73,301,65.04,58.67,70.24,29.63,69.797
88,291.1,64.99,58.85,67.86,29.38,71.02
73,306.9,64.98,55.77,69.36,29.3,69.342
67,293.2,64.92,59.95,64.5,29.2,71.001
62,299.8,64.81,64.26,65.74,29.24,70.157
87,286.5,64.7,59.39,65.54,29.75,71.683
69,294.7,64.67,57.46,69.98,29.66,70.835
62,296.4,64.66,55.77,70.11,29.62,70.924
108,289.8,64.64,63.53,68.24,28.9,70.411
81,297.7,64.58,58.94,66.89,29.42,70.32
73,302.8,64.57,54.01,68.99,30.03,71.619
69,302.8,64.53,55.61,68.44,29.55,70.701
99,296.7,64.45,58.63,66.78,29.34,71.018
81,289,64.31,55.46,66.1,29.13,70.993
75,286.1,64.25,65.41,67.87,28.65,70.758
91,289.6,64.13,63.62,64.66,28.07,70.288
94,289.8,63.88,62.35,67.43,28.62,69.911
94,287.1,63.83,57.94,65.8,28.82,70.718
85,298.7,63.73,59.62,68.29,29.5,70.896
62,288.4,63.69,56.67,62.64,29.31,72.445
96,313.5,63.69,54.45,70.51,29.93,70.161
56,295.6,63.66,57.3,69.56,29.36,70.909
98,296.1,63.64,62.69,66.49,28.91,70.659
64,289.6,63.52,58.8,63.98,28.58,70.974
67,298.9,63.49,57.78,67.1,29.34,70.412
71,295.4,63.45,59.83,68.17,29.41,70.861
90,302.9,63.33,56.28,68.81,29.15,70.247
71,297.1,63.3,58.25,64.24,29.58,71.323
88,288,63.27,63.6,66.81,28.85,70.461
73,299,63.22,59.15,65.9,28.83,70.839
72,286.3,63.2,58.56,63.73,29.21,71.731
74,304.3,63.14,60.58,67.84,29.07,69.85
97,303.3,62.99,57.52,70.19,29.84,70.743
50,285.3,62.99,54.02,62.44,29.61,72.673
89,295.4,62.93,57.6,65.16,28.74,70.888
82,291.1,62.92,56.97,65.63,28.96,71.059
75,302,62.82,60.8,69.29,29.21,70.022
84,293.1,62.79,60.08,65.04,28.63,70.379
64,279.5,62.76,61.43,66.48,28.97,71.215
88,290.6,62.65,60.81,65.05,28.56,71.196
104,300.9,62.59,60.87,69.33,29.5,70.219
78,304.6,62.51,54.85,70.66,30.15,70.42
101,291.4,62.43,61.41,63.62,28.45,70.945
95,293.7,62.34,66.1,67.93,28.47,69.293
81,289.8,62.24,59.96,62.94,28.78,71.628
93,305.7,62.23,59.84,69.65,29.18,69.646
71,289.4,62.18,59.83,60.43,28.63,71.945
91,292.3,62.05,61.36,67.85,29.07,70.693
102,292.6,62.03,54.79,65.65,29.1,71.329
58,298.8,61.84,62.58,66.46,29.2,70.091
67,299.2,61.73,61.74,64.91,28.97,69.973
87,303.1,61.58,57.58,70.69,29.8,69.899
81,299.8,61.55,61.63,70.47,29.09,69.904
73,300.7,61.53,57.53,68.31,29.07,70.915
77,308.6,61.27,56.28,66.52,29.64,70.839
64,300.7,61.2,53.48,68.65,30.04,70.754
97,303.5,61.14,57.22,65.65,29.1,70.731
93,285.8,61.11,58.56,63.55,28.7,71.477
94,292.7,60.94,61.83,67.65,29.48,71.269
55,295.4,60.81,60.12,64.26,28.58,71.356
108,290.8,60.68,57.23,63.78,29,71.367
51,293.9,60.58,60.59,68.2,29.32,70.999
104,300,60.47,60,67.95,28.92,70.574
63,280.8,60.47,53.32,60.2,29.1,73.019
74,310.3,60.47,52.56,69.24,30.36,71.021
77,293.5,60.44,53.9,68.04,29.25,71.344
97,293.8,60.42,61.52,70.47,29.36,70.579
67,293.1,60.3,56.83,62.02,29.1,72.134
72,299,60.25,54.88,64.87,29.44,72.038
86,307.9,60.19,61.16,67.99,29.31,70.19
93,298.5,60.17,59.07,66.67,28.94,70.26
80,302.8,60.14,55.79,65.02,28.73,70.794
82,294,60.09,58.35,64.7,28.99,70.66
67,302.7,60.09,57.56,63.84,28.97,71.479
103,300,60.07,56.6,67.68,28.99,70.311
80,294.9,60.04,54.19,66.01,29.37,71.282
84,289.3,59.89,62.86,67.59,29.28,70.791
96,304.9,59.77,57.81,65.59,29.18,70.486
77,314,59.46,62.5,70.57,28.47,68.698
70,304.5,59.38,60.16,66.49,29.02,71.112
68,303.6,59.35,64.16,67.4,28.49,69.35
70,284,59.24,54.93,63.02,29.09,71.715
71,308.9,59.2,57.18,70.12,29.14,69.958
69,305.2,59.11,55.38,65.61,28.92,71.031
91,308.2,59.02,58.14,67.79,29.56,70.971
84,302.4,58.99,57.86,63.32,28.76,71.162
56,282.8,58.9,52.85,56.94,28.31,72.531
81,299.2,58.76,56.76,67.11,29.61,71.356
70,291.7,58.59,58.31,68.19,29.5,71.398
99,312.6,58.59,56.55,69.42,29.65,70.92
79,292.2,58.51,57.74,60.39,28.52,71.929
91,311.8,58.41,62.47,68.77,28.33,69.118
67,295.4,58.38,56.44,70.31,29.48,71.191
87,299.5,58.34,56.22,66.53,29.19,70.521
75,310,58.32,62.35,65.28,28.24,69.603
90,313.1,58.27,56.64,68.21,29.33,70.384
99,309.5,58.06,55.11,70.37,29.59,70.444
92,303.6,57.91,58.6,65.17,29.43,71.275
86,305.5,57.67,54.55,67.92,29.95,71.37
87,298.1,57.6,55.69,68.58,29.53,70.44
56,301.4,57.5,57.6,63.46,29.12,72.251
78,298.9,57.31,59.53,63.58,28.94,71.149
76,296.2,57.27,60.34,64.79,29.23,71.028
77,306.1,57.13,57.14,65.26,29.01,70.789
85,298.4,57.03,61.12,63.18,28.36,70.517
101,290.3,56.98,58.08,65.23,28.98,71.243
92,303.2,56.92,61.07,64.65,28.64,70.734
87,290.9,56.86,61.3,62.99,28.07,70.841
64,313.4,56.85,63.28,68.28,28.76,69.444
89,293.1,56.72,52.4,63.2,29.24,71.954
96,299.7,56.57,60.86,65.62,29.14,70.719
76,299.6,56.52,58.43,67.49,29.27,71.192
80,307.9,56.37,56.84,65.28,29.2,71.457
94,307.5,56.33,55.68,67.96,29.26,70.862
74,285.2,56.26,59.55,64.05,28.91,71.532
72,307.3,56,54.32,62.5,28.94,72.091
64,319.7,55.79,62.97,66.3,28.46,69.303
65,297,55.69,58.86,60.94,28.18,71.179
92,298.7,55.59,55.24,69.04,29.53,70.841
79,294.2,55.5,52.51,64.59,29.24,72.044
71,301,55.45,53.3,62.48,28.88,72.112
69,280.4,55.41,60.17,61.28,28.1,71.552
80,302.5,55.27,55.76,67.42,29.42,71.145
60,296.2,55.22,56.98,61.75,29.12,71.409
86,302.6,55.19,63.8,65.17,28.68,70.869
65,299.5,55.19,57.88,61.11,28.74,71.349
94,298.1,55.11,62.94,63.57,28.33,70.106
105,315.1,55.09,57.22,70.18,29.03,69.52
75,318.3,54.94,54.42,65.38,29.13,70.815
92,300,54.92,54.89,66.34,29.36,71.458
74,289.9,54.89,56.05,60.63,28.54,71.662
101,303.1,54.79,55.88,65.67,28.86,70.721
53,291.9,54.76,51.56,63.72,30,72.773
87,315.9,54.73,52.08,67.08,29.56,71.252
51,287.1,54.69,54.86,56.79,27.82,73.177
98,314.6,54.66,58.41,68.36,29.45,70.229
78,292.6,54.11,52.89,64.94,29.51,71.905
51,290.6,53.58,44.01,61.85,30.2,73.624
81,299,53.49,59.09,61.9,28.34,70.786
84,295.3,53.27,61.09,63.39,28.85,70.85
84,289.1,53.27,54.99,60.35,28.46,71.827
83,302.2,52.93,57.87,67.88,29.41,70.578
90,300.3,52.91,58.36,64.88,28.11,70.098
110,310.1,52.61,56.77,66.88,29.15,70.8
91,301.4,52.22,56.95,62.77,28.44,70.641
67,289.3,51.99,55.24,65.52,29.81,72.146
65,290.6,47.15,57.4,63.75,28.25,71.663
63,278.8,72.73,58.31,69.96,29.88,70.965
75,289.9,71.67,56.31,68.65,30.29,71.476
93,272.3,71.49,57.99,63.59,28.92,71.72
54,270.1,70.75,61.03,65.72,29.36,71.071
98,284.8,70.53,63.28,66.91,28.64,70.244
89,284.8,70.06,57.08,67.23,29.61,71.151
75,291.9,69.8,62.95,67.22,28.91,69.802
105,272.7,69.7,65.5,64.7,28.87,71.007
58,273.6,69.21,51.64,62.02,29,71.39
56,279,69.15,58.52,62.55,28.2,70.629
77,292.5,69.02,56.15,68.07,29.77,70.931
77,274.2,68.62,56.47,63.69,29.38,72.078
104,296.5,68.55,58.35,70.39,29.63,69.989
90,282.4,68.28,60.52,66.67,29,71.044
51,280.5,68.24,63.64,60.99,28.51,71.577
86,278.5,67.97,59.02,65.68,29.13,71.091
82,288,67.9,56.74,65.05,29.04,70.741
89,279,67.82,61.1,65.56,29.38,71.516
69,276.9,67.54,59.75,65.17,29.14,71.638
97,285.6,67.21,64.63,69.07,29.51,70.509
85,282.1,67.19,61.08,66.45,29.51,71.461
75,288,67.09,57.46,66.58,29.35,70.765
105,288.7,67,62.5,66.43,28.79,70.294
93,281,66.75,61.85,64.71,29.07,71.107
81,286.8,66.54,60.08,64.16,28.52,70.393
104,299.4,66.23,59.49,68.93,29.36,70.437
72,282.2,66.23,60.36,63.05,28.97,71.618
70,280.2,66.2,60.14,63.89,29.5,71.808
90,294,66.01,60.04,66.67,29.47,70.873
81,291.2,65.92,60.6,67.42,29.31,71.171
68,278.1,65.83,55.67,66.83,29.56,71.315
67,286.8,65.7,59.33,66.2,29.03,70.815
64,279.5,65.68,62.77,63.98,28.67,70.95
102,286.2,65.51,65.15,65.26,28.52,70.018
82,278.7,65.47,62.3,63.53,28.32,70.585
95,285.1,65.36,65.78,66.6,28.7,69.806
93,298.1,65.31,60.13,70.08,29.52,70.139
90,293,65.29,56.55,67.06,29.28,70.798
96,286.1,65.15,58.44,65.97,29.73,71.587
92,291.5,65.11,59.14,67.12,29.35,70.999
71,291.6,64.91,58.38,67.35,29.34,70.883
52,295.1,64.86,55.51,67.53,29.53,70.667
83,296.1,64.82,60.94,65.61,28.92,70.45
54,298,64.81,54.03,66.89,29.44,71.978
76,293.6,64.69,58.45,65.24,28.63,70.921
78,288.7,64.66,50.11,66.74,29.97,72.115
92,287.1,64.09,63.65,65.78,29,70.851
89,287,63.93,54.73,66.73,29.18,71.255
95,289,63.89,59.08,64.35,28.69,70.932
82,301.1,63.68,56.51,68.57,29.41,70.376
88,287.1,63.68,60.29,67.53,29.74,71.109
75,275.9,63.67,57.11,63.15,29.39,72.133
86,291.7,63.67,58.53,66.6,29.25,70.954
63,288.1,63.61,54.72,64.91,29.6,72.363
94,297,63.46,64.52,69.96,29.02,69.469
73,294.5,63.4,58.06,64.55,29.58,71.811
68,293.5,63.34,58.62,66.75,29.13,71.338
89,294.5,63.3,57.72,67.15,29.21,70.259
78,300.5,63.29,62.85,66.98,28.32,69.083
71,288.1,63.18,55.73,66.93,29.54,71.429
96,293.9,63.14,60.58,66.09,29.36,70.925
91,282.3,63.1,61.5,62.48,28.4,71.399
98,290.7,62.85,63.47,64.89,28.43,70.583
99,297.6,62.79,57.22,67.32,28.99,70.027
93,291.1,62.72,55.43,66.1,28.81,70.86
100,286.9,62.69,56.76,63.02,28.97,71.197
68,287.2,62.67,56.82,62.71,28.9,71.642
80,286.5,62.59,60.85,65.51,29.29,71.056
92,294.1,62.58,56.66,69.44,30.42,71.164
72,283.5,62.55,67.36,64.46,28.44,70.045
89,299.9,62.28,60.51,67.29,29.4,70.503
79,289.8,62.12,58.53,62.83,28.15,70.755
104,289.6,62.07,62.74,63.19,28.3,70.402
53,280.8,61.98,64.06,66.06,28.5,70.055
61,285.1,61.81,58.67,64.69,29.15,71.61
60,284.8,61.72,58.74,63.69,28.88,71.207
97,291.6,61.66,61.83,66.14,29.38,70.817
77,291.2,61.62,55.8,67.61,29.08,71.163
52,298.9,61.47,60.15,69.21,29.19,69.971
93,290.6,61.46,63.38,66.04,28.66,70.25
65,300.9,61.08,61.39,69.73,29.38,69.596
100,284.1,60.94,60,65.28,28.82,70.866
71,287.8,60.83,52.83,64.01,29.97,71.861
82,289.8,60.79,58.51,64.71,28.88,71.398
57,286.4,60.73,59.23,64.78,29.36,72.13
80,276.9,60.57,58.78,63.61,28.76,71.176
72,294,60.53,59.55,67.48,29.28,70.983
86,283.6,60.46,62.06,65.46,28.79,70.399
81,282.7,60.41,58.57,65.39,29.5,71.871
92,293.9,60.39,60.14,63.57,28.81,71.107
63,291,60.33,60.74,62.6,28.8,70.693
94,305.1,60.27,55.53,68.21,29.49,70.618
71,292.5,60.18,60.23,69.91,29.78,71.03
74,288.8,60.1,58.56,61.51,28.16,71.283
75,291.9,60.06,53.5,63.15,29.32,71.491
91,296.5,60.02,62.8,66.93,28.73,70.121
69,295.2,59.98,62.91,65.13,28.91,70.22
54,283.8,59.97,61.18,65.6,29.13,71.5
84,297.2,59.91,57.52,66.19,29.06,70.801
92,296,59.83,59.21,67.38,29.24,70.432
72,297,59.82,55.06,63.43,28.6,70.799
75,278,59.8,59.26,59.86,28.17,71.758
88,299.5,59.8,54.47,68.19,29.86,70.832
105,287.2,59.79,58.94,66.38,29.36,71.181
94,289.6,59.71,58.81,65.68,28.96,70.707
104,296.4,59.65,56.98,66.07,29.08,70.496
106,294.3,59.63,58.64,64.74,29.07,71.044
101,302.4,59.61,56.94,67.68,29.69,70.966
71,305.6,59.58,55.67,63.02,29.28,71.175
78,300.7,59.52,54.94,69.52,29.46,70.712
85,295,59.48,61.75,69.97,28.34,68.846
70,295.1,59.32,50,66.84,29.38,71.235
66,281.4,59.31,63.07,60.93,28.47,71.77
95,305.7,59.26,54.9,66.97,29.99,70.961
95,294.8,59.24,59.62,65.69,28.79,70.982
94,306.9,58.9,58.21,69.35,29.76,70.482
90,305.8,58.61,63.74,68.79,28.81,69.561
66,300.4,58.48,59.44,68.19,29.15,69.699
55,296,58.2,56.68,63.29,28.63,71.924
70,290.6,58.19,61.28,66.2,29.36,70.862
67,301.6,58.18,57.73,65.91,29.19,71.176
89,280.9,58.15,58.83,64.39,28.9,71.343
92,292.3,58.05,63.1,67.28,29.09,70.011
91,299.1,58.04,57.65,65.77,29.15,70.866
95,279.6,57.89,61.5,60.92,28.12,71.062
52,291.8,57.79,60.2,63.89,29.09,71.425
112,298.3,57.72,56.78,66.13,29,70.351
96,306.3,57.68,56.95,67.74,29.1,70.163
94,298.1,57.64,60.99,67.38,28.77,69.468
95,304.7,57.61,56.56,65.05,29.35,70.779
83,302.9,57.61,61.25,69.14,28.96,69.624
74,277,57.6,59.14,61.79,28.66,71.817
98,294.3,57.58,58.91,65.19,29.13,70.7
106,309.2,57.53,59.38,68.96,29.26,69.987
95,300.8,57.28,58.15,65.91,29.58,71.054
64,302.6,57.09,63.17,63.1,28.7,70.719
81,297.6,57.04,55.51,67.89,29.65,70.811
61,303.1,56.94,57.83,65.9,30.08,71.116
77,299.9,56.76,55.93,64.52,29.2,70.887
69,294.4,56.57,57.75,61.97,28.6,71.49
98,304.5,56.54,60.11,65.94,28.87,70.391
107,295.3,56.52,60.92,62.09,28.33,70.453
50,278.5,56.5,59.88,61.92,28.56,70.831
77,314.4,56.44,62.63,69.61,29,69.549
56,288.3,56.4,56.42,64.21,29.54,71.855
86,292.6,56.26,58.64,63.14,28.52,70.909
58,287.1,56.19,56.65,65.67,29.25,72.205
94,308.2,56.01,53.77,63.95,28.68,71.064
54,285.1,55.99,60.14,66.06,28.72,71.326
58,306.1,55.99,59.28,66.87,29.29,69.996
68,295.7,55.97,57.92,63.75,28.86,71.155
80,288.4,55.92,55.13,58.84,29.13,72.253
73,299.2,55.75,61.85,67.71,29.06,71.112
75,300.9,55.67,58.99,66.43,29.45,70.685
102,311.5,55.63,56.33,69.1,29.52,70.428
81,286.5,55.49,53.78,62.81,28.64,71.568
85,293.5,55.05,60,62.85,28.25,70.168
51,316.7,54.97,63.12,65.94,28.65,69.529
76,304.8,54.79,55.18,65.26,29.24,71.432
79,297.2,54.77,54.74,62.7,28.53,71.581
86,296.9,54.72,62.63,67.01,29.11,70.371
52,283.6,54.48,56,56.6,28.52,72.179
51,296,54.45,56.92,63.15,28.84,71.263
76,288.7,54.37,62.35,61.88,28.31,70.881
100,284.9,54.32,60.1,63.53,28.62,71.221
74,289.4,54.32,62.07,62.09,28.12,70.964
93,295.8,54.15,58.53,68.54,29.11,70.213
88,310.5,54.14,56.2,62.28,28.32,69.847
86,309.3,54.09,60.54,67.33,28.29,69.359
71,306.3,53.73,59.04,63.98,28.22,70.115
63,298.4,53.59,60.5,61.69,28.45,70.211
86,298.1,53.27,63.43,65.63,28.46,70.543
63,292.1,53.26,64.3,62.2,28.41,71.484
88,308.8,53.26,55.91,66.24,29,71.027
91,298.5,53.09,59.18,65.58,28.74,70.955
76,306.3,52.9,53.63,65.84,29.85,71.432
88,300.6,52.79,57.01,70.64,29.86,70.885
84,293,52.54,54.31,63.52,29.09,71.598
96,309.2,52.48,59.03,64.71,28.86,70.868
85,312.7,52.46,60.16,64.5,29.06,70.875
61,292.6,52.25,59.9,62.57,28.49,71.483
63,280.2,51.94,53.91,57.91,28.34,72.419
56,288.8,51.92,57.84,63.29,28.86,71.99
92,300.7,51.89,58.65,66.03,29.15,70.704
83,310.5,51.13,57.14,67.5,29.55,71.178
84,301.2,49.8,59.79,63.73,28.71,70.848
83,306.4,49.75,56.12,62.19,28.88,70.66
76,297.7,48.41,48.01,60.16,28.94,72.671
55,311.3,45.93,50.27,59.83,29.63,72.803
59,287.3,45.37,51.96,53.54,29.2,74.4
90,269.7,73.36,61.9,65.25,28.83,70.785
70,290.5,72.36,56.21,70.2,30.08,71.326
76,278.2,71.2,64.04,66.67,29.17,70.937
66,277.7,71.07,62.16,63.3,28.76,71.242
99,275.3,69.86,62.73,62.34,28.69,71.49
97,284.2,69.37,60.11,69.13,29.25,70.588
52,280.8,69.09,57.24,68.27,29.71,70.13
92,285.8,68.51,61.86,69.73,29.52,70.319
86,284.7,68.3,62.09,66.21,29.07,71.104
90,287.3,68.22,62.75,68.09,29.05,70.661
62,269.7,67.98,61.04,65.5,29.21,70.872
104,281.3,67.79,59.41,66.33,29,70.927
63,281.4,67.7,58.85,64.44,29.22,70.899
67,276.3,67.56,56.16,66.33,28.79,71.126
84,284.8,67.36,59.57,63.99,28.75,71.05
83,291.5,66.98,58.33,67.87,29.42,71
93,294.3,66.93,55.1,68.52,29.67,70.637
86,283.2,66.52,60.12,65.78,28.58,70.317
66,274.7,66.2,60.36,64.96,29.48,71.436
73,275.3,66.18,61.54,65.37,28.84,71.093
95,281.2,65.94,61.14,68.25,29.08,70.87
71,281.5,65.89,65.03,67.99,28.55,70.675
55,278.9,65.86,59.79,60.9,28.74,72.102
100,285.8,65.67,61.51,67.82,29.02,69.844
93,291.1,65.59,58.96,65.65,29.43,71.206
53,294.7,65.55,61.86,64.63,28.96,71.143
51,276.4,65.42,56.67,61.81,29.06,72.137
66,277.7,65.36,61.63,62.71,28.36,70.846
96,279.6,65.3,58.53,66.73,28.84,70.298
115,287.3,65.29,55.95,67.62,29.34,70.965
98,287.6,65.28,60.76,67.35,29.08,70.393
90,280.1,65.23,62.11,64.53,28.49,70.364
97,289,64.92,56.88,65.19,28.64,70.489
101,280.2,64.82,59.97,63.52,28.75,71.362
65,285.7,64.81,62.35,63.93,29.14,71.796
77,295.2,64.67,61.44,70.8,29.69,69.95
82,300,64.57,54.57,69.58,30.11,70.741
92,288.1,64.54,55.13,67.17,29.47,70.986
90,287.9,64.39,62.21,68.15,29.39,70.566
75,298.3,64.37,57.18,71.63,29.8,70.534
82,289.1,64.37,52.97,69.17,29.77,71.054
99,271.9,64.35,63.28,63.02,28.28,71.145
58,280.2,64.18,52.53,59.26,28.94,71.88
93,286.6,64.05,57.19,63.95,29.12,71.118
54,287.7,63.95,61.73,64,29.08,71.607
64,286.7,63.76,60.4,64.93,29.17,70.436
88,292.5,63.65,59.03,65.03,29.22,71.098
78,289.2,63.63,58.3,66.52,29.23,71.627
93,290.1,63.62,58.27,66.07,28.55,70.719
82,287.6,63.48,58,65.74,29.56,71.472
104,289.7,63.41,61.4,64.85,28.64,70.996
71,288.1,63.39,60.31,68.24,29.48,71.157
53,278,63.23,66.01,63,27.96,69.996
80,280.3,63.18,61.65,63.6,28.61,70.908
76,295.6,63.15,61.06,68.27,29.3,70.558
87,296.8,63.05,52.53,69.02,29.96,71.524
113,293.5,62.84,62.32,64.83,28.6,70.56
105,293.2,62.83,56.39,70.15,29.59,70.212
80,280.2,62.53,65.38,61.32,28.01,70.901
84,289.6,62.37,57.62,66.74,29.36,71.032
72,279.3,62.36,63.66,64.71,28.54,70.704
86,289.6,62.34,63.3,67.14,29.44,70.444
71,282.7,62.24,63.26,61.43,28.14,70.95
57,287.6,62.18,56.48,64.3,29.76,72.451
70,286.3,62.17,59.42,67.14,29.36,70.359
92,288.8,62.14,54.84,66.73,29.26,71.282
76,294.5,62.04,60.86,68.11,28.82,70.034
90,285.9,62.02,62.73,64.05,28.67,70.92
57,298.7,61.85,53.91,64.51,29.56,70.64
54,299.9,61.76,57.66,70.15,29.75,69.999
63,294,61.67,54.21,68.15,29.7,70.327
72,287,61.59,54.66,64.43,28.99,71.028
82,289,61.44,56.59,63.71,29.06,71.346
104,306.9,61.43,54.97,68.8,29.48,70.875
63,291.9,61.24,56.22,63.65,29.27,71.464
86,289.4,61.13,57.81,69.38,29.37,70.781
69,306.8,61.06,58.7,69.62,29.18,69.646
51,284.5,60.99,53.5,64.16,29.43,71.848
59,294.7,60.99,56.04,63.23,28.93,71.7
87,295.3,60.93,58.27,66.8,29.52,70.995
77,287.2,60.89,57.93,63.13,28.61,71.674
61,280.4,60.85,50.61,60.14,28.96,73.415
84,285.6,60.81,57.23,66.39,29.58,71.402
85,290.9,60.71,55.72,64.58,29.47,71.245
73,293,60.71,54.55,67.7,29.5,70.548
82,286.3,60.7,56.96,66.6,29.19,71.101
93,296.3,60.68,59.15,66.37,29.04,70.501
54,289.6,60.66,60,62.96,28.7,71.032
71,291.4,60.57,57.49,66.18,29.29,71.204
89,295,60.55,60.34,65.31,28.85,70.554
85,279.7,60.54,58.79,62.09,28.34,71.686
63,289.8,60.36,56.07,67.42,29.17,71.333
85,286.2,60.32,60.36,61.93,28.67,71.429
88,302.2,60.29,54.76,68.72,29.8,70.855
70,297.9,60.11,52.39,68.35,29.74,71.074
59,294.6,60.1,60.52,66.18,29.65,72.075
88,289.7,60.07,59.13,68.86,29.48,70.717
69,291.8,59.78,56.59,64.36,29.18,71.427
81,285.1,59.57,57.14,65.66,29.13,71.256
55,282.3,59.47,57.86,65.36,29.18,71.655
87,297.9,59.41,57.29,67.33,29.48,70.855
89,292.4,59.36,59.74,65.26,29.06,70.856
67,292.9,59.34,58.18,63.42,28.74,71.055
68,287.3,59.33,53.11,67.51,30.45,72.019
92,302,59.33,56.53,66.24,29.73,71.045
69,285,59.25,63.59,63.85,29.05,71.466
85,297.7,59.22,51.7,69.75,30.33,71.677
73,286.3,59.21,55.29,62.72,29.22,71.759
83,287.5,59.19,56.49,65.64,29.25,71.603
86,280.3,59.03,60.29,64.86,28.48,70.809
59,286.6,58.97,58.47,64.33,28.84,71.813
89,302.2,58.84,57.79,67.17,29.02,70.677
80,301.6,58.69,62.21,69.26,29.16,70.118
93,292.6,58.69,62.73,65.67,28.66,70.203
99,288,58.65,57.21,63.02,28.54,70.771
100,284.3,58.64,61.25,62.96,28.54,71.203
75,302.6,58.6,55.53,66.98,28.81,69.956
72,292,58.46,56.97,66.01,29.37,71.467
89,307.4,58.41,58.37,68.66,29.64,70.57
61,296.9,58.4,53.54,70.4,30.18,70.846
91,292.1,58.4,60.57,66.48,29.59,71.287
85,288.8,58.34,59.34,59.5,28.34,71.693
80,295.4,58.14,63.93,63.52,27.82,69.52
62,294.6,58.06,55.1,63.08,29.66,72.175
66,280.1,58.02,61.46,54.23,27.86,72.728
83,285.2,57.95,57.96,65.54,29.43,71.412
65,303.9,57.9,58.1,67.92,29.58,70.148
86,304.7,57.88,57.63,67.83,28.92,70.229
71,294.4,57.8,58.24,63.27,28.94,71.372
79,290.3,57.79,61.05,60.96,27.99,71.19
89,300.5,57.74,58.17,69.22,29.75,70.833
83,294.8,57.55,56.26,63.96,29.11,71.223
87,294.7,57.48,55.77,66.2,29.9,71.223
73,279.3,57.41,60.53,62.4,28.81,71.532
91,304.8,57.32,61.44,65.32,28.9,70.896
83,293.1,57.3,58.33,66.24,29.3,71.132
83,296.2,57.21,59.26,65.82,29,71.281
87,313.6,57.17,59.58,67.82,28.49,69.172
61,294.8,57.13,55.26,62.75,29.16,72.105
74,295.5,56.95,58.08,66.11,29.11,70.966
72,290.2,56.89,52.03,66.75,29.49,71.376
73,296.7,56.86,59.64,68.73,29.34,70.004
72,289.8,56.73,56.52,62.73,29.01,71.057
81,282.9,56.69,64.15,64.61,28.95,70.918
95,306.1,56.69,60.16,68.74,29.26,70.234
92,298.4,56.68,56.95,67.67,29.08,70.339
81,296.5,56.58,54.05,65.26,29.25,71.541
97,304.4,56.57,58.97,69.71,29.68,70.903
55,288.8,56.4,60.16,62.73,28.44,70.581
72,291.7,56.31,56.4,62.88,28.88,71.139
105,297.4,55.96,63.97,64.65,28.4,70.17
81,289.5,55.81,58.46,62.48,28.83,71.444
79,304.6,55.55,59.5,70.76,29.5,69.47
57,289.3,55.53,60.55,63.13,28.29,71.416
93,291.7,55.42,64.3,63.11,28.06,70.888
67,281.2,55.28,59.56,63.58,29.14,71.435
93,291.3,55.23,56.24,64.48,28.88,70.921
63,295.6,55.14,59.05,66.76,29.28,70.204
82,298.5,55.14,58.37,67.66,29.31,70.867
72,310.6,55.11,52.74,69.16,29.78,70.333
51,282.2,55.06,50.75,63.73,30.41,73.117
97,299.2,55.01,60.1,64.83,28.88,70.463
75,294.8,54.82,64.32,66.05,28.21,69.582
91,298.2,54.8,57.75,64.58,29.17,70.658
80,294.7,54.55,55.79,66.17,29.5,71.681
97,287.6,54.27,59.86,65.77,28.52,70.784
99,301.3,53.94,55.56,65.63,29.28,70.571
69,303.3,53.91,53.48,69.32,29.57,70.848
65,284.7,53.64,56.93,58.64,28.3,71.884
66,292.8,52.93,54.66,61.2,28.82,71.371
91,299,52.91,54.87,66.29,29.18,71.015
105,288,52.91,60.84,64.81,29.15,71.189
79,298.9,52.77,50,64.44,29.47,71.906
91,303.4,52.6,60.88,68.01,29.08,70.418
95,312.2,52.48,57.96,65.09,29.2,70.797
58,297.5,52.45,54.84,68.11,29.96,72.086
83,287,52.18,59.55,62.1,28.81,71.44
94,288.2,52.02,59.1,62,28.5,71.073
77,314.5,51.68,56.68,65.17,28.84,70.523
79,306.9,50.98,60.88,67.17,29.14,70.754
76,304.2,50.46,61.92,67.23,28.06,69.313
85,295.3,49.12,57.25,64.54,28.9,71.061
85,301.3,48.31,57.71,63.96,28.78,70.393
75,309.3,45.56,52.83,63.41,28.63,71.423
71,288.9,43.02,49.14,54.46,28.61,74.262
56,281.6,76.88,58.33,71.07,29.94,70.458
62,270,74.5,63.96,64.66,28.74,71.092
56,286.3,71.89,55.88,69.64,29.63,71.146
61,271.6,71.7,61.8,62.57,28.82,71.517
95,277.1,71.58,60.9,68.89,28.54,70.235
62,278.3,71.41,61.5,66.57,28.73,71.094
90,276.6,71.24,58.93,67.44,28.98,70.698
90,282.6,71.21,60.98,68.58,28.78,69.753
79,277.2,70.45,64.46,65.96,28.46,70.383
96,276.4,70.24,62.63,65.47,28.39,70.533
81,282.6,70.05,60.25,65.24,28.51,70.829
63,296.4,69.91,62.24,73.52,29.87,69.354
57,275.8,69.51,56.9,62.79,29.25,72.362
102,279.8,69.44,62.6,64.85,28.71,71.037
97,276.5,69.31,60.23,63.2,28.57,71.341
99,283.7,69.09,59.75,68.27,29.6,70.837
71,281.9,69.08,62.93,69.79,29.39,69.845
58,296.6,68.98,62.55,72.53,29.46,69.804
90,286,68.7,52.06,68.6,29.81,71.396
95,289.5,68.63,58.66,68.99,29.65,71.282
96,281.8,68.5,62.09,64.58,29,70.92
78,285,68.32,57.31,67.64,29.65,71.334
108,273.1,67.91,64.81,65.54,28.68,70.714
93,278.1,67.91,58.71,64.17,29.01,71.306
103,280.4,67.87,64.09,67.85,28.96,70.647
81,289.4,67.85,64.38,67.81,29.35,70.31
76,286.7,67.81,55.28,69.03,29.6,70.633
96,284.4,67.76,59.92,70.83,29.56,70.421
86,275.5,67.66,60.68,62.26,28.51,71.656
84,288.1,67.52,63.47,68.32,29.21,70.735
62,271,67.49,61.98,63.22,28.95,71.975
83,273.5,67.46,61.72,66.39,29.28,70.849
88,293.8,67.1,58.02,73.23,30.22,70.719
104,287.8,66.85,62.66,66.24,28.72,70.344
91,277.9,66.8,62.85,65.45,28.68,70.779
76,290.4,66.67,54.87,67.52,29.4,71.273
80,290.2,66.6,55.2,67.26,29.53,71.09
79,278.5,66.32,61.52,66.81,29.23,71.227
83,271.9,65.91,64.17,65.26,28.84,71.043
54,279.8,65.76,54.43,66.11,29.8,71.334
97,285.2,65.75,59.31,68.61,29.41,70.604
79,283.7,65.73,64.42,64.72,29.23,71.469
96,284.6,65.7,60,67.88,28.71,70.666
106,285.3,65.69,59.19,67.51,29.03,70.642
69,287.5,65.6,64.92,67.35,28.94,70.83
90,289.5,65.51,61.27,64.94,28.66,70.8
65,298.7,65.46,57.34,69.15,29.26,70.72
95,288.2,65.43,58.39,66.55,29.15,71.021
95,294.5,65.25,61.92,69.2,28.79,69.94
93,288.1,65.09,54.04,68.7,29.64,70.95
51,294.7,64.94,57.19,67.43,29.67,71.289
87,306.1,64.85,58.25,67.53,29.49,70.45
89,279.2,64.53,60.37,67.84,29.35,70.991
87,297.1,64.39,57.43,67.06,29.01,70.581
90,287.9,64.37,59.63,66.67,29.09,70.647
75,295.1,64.3,57.24,66.51,29.7,71.453
84,283,64.22,59.92,65.67,28.95,71.194
87,297.8,64.16,56.13,72.36,29.77,69.806
97,280.6,64.16,57.42,67.98,28.93,70.843
93,286.2,64.1,61.21,66.43,29.01,70.478
66,276.5,64.09,63.12,63.8,28.71,71.372
83,293.2,64,57.79,65.23,29.37,71.668
120,283.1,63.92,60.86,65.69,28.27,70.398
69,303.5,63.87,59.14,70.54,29.17,69.744
86,293.5,63.86,59.32,66.02,28.95,70.672
79,278.4,63.82,66.18,66.1,28.56,70.681
79,296.9,63.82,55,70.46,30.54,71.291
94,283.3,63.78,60.39,65.7,28.93,71.117
99,295,63.77,57.61,69.33,29.71,71.05
76,288.6,63.72,59.51,66.44,28.89,71.127
50,287.7,63.59,57.53,68.72,30.02,71.796
68,286.7,63.58,60.76,65.71,28.81,70.421
89,290.7,63.35,61.9,68.8,29.58,70.672
97,298.9,63.34,55.39,68.54,29.32,70.732
79,292,63.27,59.91,67.72,29.27,70.775
97,288.5,63.23,63.78,66.55,28.39,70.04
73,279.1,63.09,58.33,62.44,28.92,71.944
63,282.7,63.06,51.69,66.67,30.03,72.102
87,288.3,63.03,60.68,64.59,28.59,71.072
91,291.8,62.91,65.03,67.87,27.82,68.938
91,285.2,62.83,61.83,63.37,28.59,71.458
97,288.2,62.77,60.69,65.18,28.56,70.797
76,309.8,62.61,48.77,65.51,29.97,72.01
98,280.1,62.51,62.87,64.56,28.35,70.121
58,281.5,62.17,57.39,63.79,28.59,71.363
68,290.7,62.11,59.47,68.95,29.37,70.807
76,296.8,62.08,61.1,65.81,28.44,70.23
94,296.3,62.06,56.44,68.79,29.02,70.421
84,295.2,62.03,53.02,70.14,30.04,71.089
76,285.8,61.97,60.3,64.54,28.6,70.959
94,280.5,61.9,59.15,64.67,28.99,71.032
101,284,61.79,57.76,65.62,28.54,70.397
58,289.5,61.78,56.42,63.17,28.81,72.08
96,288,61.59,61.36,67.03,29.16,70.854
87,288.8,61.47,59.08,70.13,29.84,71.156
81,287.1,61.25,55.65,68.28,29.77,71.453
88,302.9,61.13,60.08,68.52,29.13,70.413
91,294,61.08,58.69,67.34,29.32,70.68
98,288.4,60.98,63.27,64.97,28.26,70.158
81,289.3,60.97,57.8,63.92,29.1,71.5
88,290.3,60.95,55.75,67.61,29.48,71.103
83,283.2,60.88,58.72,63.52,28.72,71.207
67,300.4,60.81,54.66,64.99,29.57,71.093
97,302.1,60.74,60.66,68.84,29.23,70.581
86,295.3,60.74,59.42,64.34,28.42,71.03
81,289.5,60.73,55.84,66.88,29.54,71.497
51,311.6,60.69,54.09,69.62,30.11,70.456
71,282.4,60.4,57.72,68.2,29.07,71.097
72,290,60.31,56.16,67.78,29.31,71.039
81,290,60.3,63.11,67.83,28.94,70.435
94,292.3,60.29,54.3,69.88,30.24,71.334
78,287.6,60.26,58.57,62.71,28.56,71.238
50,294.9,60.09,59.48,63.83,28.96,71.102
78,290.6,60.06,60.97,66.24,29.15,70.761
98,289.8,60.03,61.16,62.93,28.55,71.036
94,295.1,59.89,58.46,66.13,29,70.896
68,298.8,59.84,61.3,68.28,29.19,70.16
100,298.4,59.84,55.5,66.84,29.26,71.098
89,296,59.7,61.27,64.05,28.25,70.812
56,300,59.7,52.23,66.45,29.29,70.484
58,293.8,59.63,59.81,69.25,29.86,71.512
50,293.7,59.59,51.56,66.55,30.44,71.559
59,300,59.47,58.41,67.56,28.96,69.958
110,297.1,59.47,59.57,69.14,29.1,70.13
56,293.6,59.45,53.62,63.14,29.33,72.533
80,287.1,59.32,51.08,63.6,29.51,72.119
86,288.4,59.31,60.53,63.18,28.44,71.228
90,296.7,59.3,58.63,66.73,28.88,70.688
71,277,59.28,61.14,65.57,29.17,70.555
106,291.6,59.05,62.18,63,28.44,70.866
88,295.1,58.91,59.6,65.79,28.98,71.124
94,284.8,58.87,58.8,65.7,28.78,70.836
84,283.9,58.86,57.57,63.75,28.7,71.211
83,292.2,58.84,58.59,66.03,28.9,70.812
77,300.5,58.54,60.17,66.31,29.12,70.772
105,298.4,58.51,61.65,67.05,28.83,70.235
106,303.2,58.24,61.55,68.92,28.64,70.105
83,289.3,58.24,55.36,65.43,29.35,71.23
59,291.9,58.15,54.22,68.89,29.84,71.801
90,294.5,58.06,55.62,66.67,28.99,71.427
97,298.9,58.01,58.74,66.19,28.83,70.613
60,291.8,57.74,54.23,65,29.27,71.961
68,283.3,57.44,54.96,65.24,30.06,72.431
77,293.6,57.35,58.13,72.94,30.14,70.774
84,308.2,57.33,56.63,69.48,29.1,69.861
57,307.7,56.97,56.47,66.77,28.98,70.619
101,290.7,56.87,57.7,63.59,28.68,71.798
95,296.8,56.83,58.77,68.32,29.6,70.919
57,291.7,56.79,56.59,64.52,29.79,71.83
70,301.7,56.72,53.04,63.97,29.41,71.774
81,292.6,56.57,59.35,62.19,29.04,71.667
80,305.2,56.57,60.57,66.81,29,70.102
71,315.2,56.55,61.89,69.32,28.96,69.296
78,294.2,56.45,59.23,62.99,28.85,71.763
88,305.6,56.41,58.3,67.3,28.99,70.654
90,289.2,56.39,55.45,66.41,28.95,71.246
72,280.8,56.37,59.78,64.29,29.24,71.701
81,305.5,56.21,56.66,66.74,29.53,70.982
91,292.3,56.05,58.32,64.41,28.8,71.716
90,299.9,56.01,59.25,65.44,29.29,71.326
70,300.5,55.98,59.38,61.51,28.23,70.585
75,313.7,55.94,65.34,70.83,28.44,69.161
53,299.7,55.9,50.45,64.88,29.87,71.734
57,286.4,55.54,60.68,61.21,28.55,71.977
75,317.7,55.53,57.85,67.05,28.47,69.585
72,287.2,55.19,60.8,64.37,29.2,71.606
74,294.8,54.99,56.67,65.62,28.99,70.569
68,278.7,54.98,56.71,59.9,28.33,72.278
65,292.7,54.87,54.89,65.9,29.31,71.465
85,296.1,54.83,59.16,61.11,28.29,70.988
103,292.9,54.78,61.99,64.42,28.16,70.292
106,309,54.3,56.15,67.61,29.11,70.281
83,292.2,54.12,59.06,63.05,28.93,71.067
82,283.3,54.1,60,60.47,28.31,71.647
89,309.9,54.05,59.35,63.66,28.32,70.581
103,302.1,54.04,65.19,63.43,28.2,70.835
58,285.6,53.39,58.2,66.77,29.48,71.684
69,295.3,52.67,56.7,61.7,28.64,71.427
105,302.7,52.43,56.06,68.57,29.75,70.872
89,301.6,52.23,57.71,66.09,28.7,70.268
60,290.5,51.72,57.01,61.02,29.15,71.95
81,288.8,51.63,57.46,61.33,28.39,71.431
73,286.6,51.52,55.87,58.1,28.67,72.419
76,294.1,50.29,61,62.46,28.28,71.218
64,275.1,75.49,61.6,68.73,29.29,70.35
75,272.2,74.02,59.34,64.3,28.81,70.738
103,285.1,73.46,54.81,71.44,30.09,70.836
84,279.3,73.18,69.33,68.75,28.96,69.2
71,277.8,72.41,61.58,67.31,29.71,70.737
97,282.2,70.51,60.75,67.42,28.9,70.159
86,276.7,70.44,61.36,65.89,29.38,70.696
80,275.5,70.18,57.48,67.17,29.54,71.137
86,284.7,69.92,57.64,67.99,29.05,70.344
73,288.3,69.57,53.14,68.06,30.56,71.307
68,278.4,69.56,62.76,65.11,29.31,71.087
66,278,69.2,60.47,65.77,28.56,69.642
54,276.6,68.83,58.26,65.74,29.98,71.612
56,293.2,68.78,51.83,69.03,29.89,70.166
87,285.3,68.62,50.31,68.07,30.12,71.852
79,288.6,68.04,54.07,63.25,29,71.354
109,287.9,67.87,57.1,64.48,29.06,70.801
92,285.7,67.6,63.4,68,29.24,70.111
97,279.1,67.48,60.99,66.38,29.02,70.83
91,283.8,67.37,62.4,66.92,28.74,69.416
93,278.2,67.23,61.55,61.47,28.59,71.232
85,287,67.08,52.88,66.67,30.33,71.657
92,291.6,67.04,55.32,70.43,29.86,70.521
69,279.6,67,55.58,63.25,29.77,71.732
87,283.9,66.87,57.52,64.39,29.43,71.24
100,287.2,66.55,58.73,65,28.78,70.936
80,277.5,66.49,62.1,65.56,28.55,70.349
54,276.2,66.47,58.73,59.89,29.14,71.914
81,279,66.4,59.1,63.44,28.78,70.954
98,282.2,66.3,58.22,66.89,29.16,70.566
91,283.4,66.14,60.42,63.86,28.54,70.549
77,287.4,66.14,59.05,68.11,29.7,70.713
96,278.5,65.94,59.02,64.41,28.71,70.712
79,281.9,65.41,56.69,61.68,29.06,71.712
57,287.8,65.36,60.08,72.43,30.25,70.59
88,295.8,65.1,54.71,66.67,29.33,70.574
84,284.2,65.05,57.62,64.44,29.16,70.802
75,270.3,65.04,64.56,57.78,27.77,70.895
81,280,64.95,56.03,64.75,28.84,70.892
59,280.1,64.92,59.89,64.31,29.17,71.086
100,296.2,64.9,57.32,67.59,29.11,70.466
108,280.3,64.85,63.57,63.99,28.32,70.049
77,279.5,64.8,56.62,62.63,28.95,71.354
82,290.6,64.5,55.91,65.58,29.02,70.685
80,297,64.41,51.3,63.52,29.92,72.593
91,290.7,64.39,56.72,69.6,30.33,71.064
80,291.7,64.34,59.1,66.04,28.93,70.732
94,280.3,64.32,65.16,64.72,28.46,69.996
90,291.6,64.28,53.41,68.91,29.76,70.62
75,297.5,64.28,52.63,68.78,30.18,71.167
99,288.9,64.25,60.21,67.85,29.17,70.27
80,279.8,64.22,56.78,62.08,28.81,70.87
60,297.7,64.17,59.45,66.2,29.3,70.609
68,300.6,64.02,49.74,67,30.85,72.233
62,288.1,64,55.91,65.56,29.9,71.47
80,295.8,63.97,56.01,67.33,29.69,70.756
88,285.8,63.93,61.89,65.21,28.35,70.476
111,282.9,63.87,59.34,66.77,29.17,70.63
57,285.3,63.76,52.74,66.26,29.67,70.9
50,281.6,63.7,56.84,63.44,29.58,71.679
89,285.6,63.7,59.48,63.28,28.74,70.671
92,293.7,63.67,52.37,61.84,28.92,71.379
76,283.9,62.95,55.79,60.44,29.12,71.617
107,291.9,62.94,60.37,68.62,29.33,70.132
83,291.3,62.83,57.78,68.61,29.6,70.827
105,291,62.78,63.3,63.46,28.44,70.15
57,278.1,62.56,60.59,63,28.59,70.735
75,284.5,62.56,53.88,62.71,29.82,72.239
89,302.2,62.36,62.31,66.67,28.88,70.031
87,288.5,62.24,59.05,65.28,28.83,70.234
79,286.1,62.22,58.21,66.17,28.9,70.248
74,289.2,62.22,58.42,65.69,29.09,71.194
61,294.3,62.19,66.67,68.68,28.59,68.95
62,294.7,62.18,54.7,66.38,29.74,71.619
80,303.4,62.07,58.75,70.68,29.75,69.943
81,271.6,61.99,65.69,59.21,28.16,71.493
80,285.1,61.86,61.21,59.97,28.37,71.528
76,288.1,61.58,58.02,64.89,29.1,71.083
82,294.8,61.52,60.42,64.03,28.88,70.083
68,303.5,61.51,60.73,68.79,28.76,69.205
83,284.9,61.47,59.96,67.63,29.85,70.92
63,278.5,61.45,54.81,60.83,29.14,71.743
85,287.8,61.43,56.69,65.29,28.78,70.718
62,285.2,61.43,56.15,65.05,29.18,70.9
51,297.3,61.4,58.9,66.89,29.59,70.819
76,288.5,61.39,57.4,62.94,28.88,71.168
57,288.1,61.35,58.05,62.4,28.64,70.722
65,294.9,61.27,53.43,64.58,29,70.468
66,297.2,61.26,53.72,66.31,29.76,71.436
87,297.5,61.26,52.73,66.87,30.36,71.745
90,294.6,61.22,57.69,65.09,29.59,71.301
57,292.3,61.22,56.28,63.69,28.95,70.738
77,304.8,61.16,59.23,69.11,30.13,71.022
95,281.3,61.08,61.67,64.16,28.72,70.662
106,293,61.08,56.69,67.05,29.76,70.905
67,293,61.05,57.64,64.2,28.9,71.206
111,289,60.96,59.66,64.26,28.65,70.391
50,300.5,60.9,51.8,66.43,29.98,70.852
82,289.6,60.83,55.11,63.96,29.65,71.186
83,289.7,60.66,59.19,65.39,29.54,70.933
56,293,60.49,56.23,65.77,29,70.152
76,314.3,60.47,59.14,67.96,28.99,69.712
92,278.6,60.42,61,62.96,28.42,70.599
50,294.4,60.24,59.93,65.05,28.88,70.888
84,286.4,60.05,60.3,64.35,28.77,71.11
95,299.2,59.95,57.44,68.36,29.28,70.094
95,292.5,59.95,56.64,66.96,29.21,70.716
83,288.1,59.93,57.79,60.84,28.72,71.294
91,297.5,59.93,62.06,64.51,28.46,70.172
66,310.5,59.93,58.52,69.44,28.59,68.827
70,295.1,59.92,61.23,66.91,28.85,69.624
80,289.8,59.83,54.58,63.3,28.93,71.469
84,290.1,59.8,52.77,64.86,30.06,71.932
51,284.9,59.76,60.24,61.35,29.13,71.772
78,275.4,59.67,59.66,59.98,28.41,71.315
75,300,59.62,59,65.65,28.9,70.502
89,298.9,59.51,59.45,66.47,29.24,70.798
86,282.4,59.51,63.19,61.72,28.55,70.714
77,278.7,59.49,60.34,63.93,28.79,71.112
93,304.1,59.49,60.11,66.55,29.1,70.249
91,293.7,59.45,55.35,66.36,29.52,70.847
64,297.8,59.45,61.67,63.53,28.34,69.671
91,284.6,59.35,61.34,62.58,28.38,70.604
74,296.3,59.04,55.43,64.51,29.63,71.364
76,303.8,59.02,52.99,65.2,29.64,71.28
85,287.6,58.99,61.29,63.53,28.49,70.638
64,294.5,58.95,52.99,64.35,30.15,71.912
92,289.3,58.91,59.6,65.15,29.05,71.039
91,295.5,58.79,57.33,66.67,29.44,70.52
102,289.7,58.79,62.39,62.47,27.86,69.946
54,301.2,58.72,64.95,64,28.71,69.626
93,299.2,58.69,59.53,67.08,28.97,70.464
85,300.4,58.55,58.24,66.67,28.73,69.993
85,280.7,58.51,59.49,59.88,28.16,71.251
84,292.5,58.51,55.77,64.51,29.43,71.422
84,291.8,58.5,54.6,65.28,29.7,71.471
83,296.3,58.5,55.92,63.25,28.75,71.021
88,283.3,58.48,58.8,63.07,28.78,70.829
69,303.7,58.4,53.1,64.98,29.39,70.675
71,292.4,58.01,61.71,65.26,28.58,70.278
81,297.6,57.97,57.29,65.21,28.96,70.152
73,294,57.92,50.56,64.01,29.3,71.51
72,281,57.74,62.27,60.87,28.57,71.067
56,293.4,57.54,59.76,67.46,29.39,71.06
80,287.5,57.36,60.47,65.79,28.87,70.734
80,306.1,57.18,57.17,65.14,29,70.728
58,311,57.18,59.76,68.03,28.74,69.546
84,290.6,57.01,54.2,63.03,29,71.212
69,287.1,56.95,58.33,64.1,29.29,71.444
56,307,56.91,57.51,64.98,28.95,70.052
85,286.3,56.72,58.82,63.33,28.82,70.722
85,296,56.71,57.42,66.54,29.56,71.199
61,288.2,56.5,47.98,62.71,29.81,71.843
64,286.1,56.16,58.76,61.11,28.77,71.581
77,300.4,56.04,54.17,63.16,29.38,71.835
94,288.8,55.9,61.12,63.64,29.09,70.728
65,303.4,55.64,59.75,65.38,28.8,70.307
92,292.3,55.59,59.42,63.64,28.76,70.598
82,294.2,55.48,55.35,65.38,29.53,71.381
93,298.1,55.13,56.77,63.38,29.15,71.145
92,296.5,55.02,60.33,66.97,29.2,70.661
92,290.7,54.85,61.8,64.96,28.83,70.671
81,294.6,54.79,59.96,60.53,28.53,70.852
86,308,54.71,58.51,60.92,28.35,70.721
103,295.4,54.09,57.53,62.74,28.53,70.899
64,302.4,53.94,56.2,64.91,29.48,71.345
77,300.5,53.73,59.57,63.42,29.06,71.24
79,290,53.54,58.25,64.17,29.01,71.07
85,291.2,53.26,61.36,61.6,28.68,70.736
75,291,53.26,54.55,64.96,28.79,70.98
62,296.7,53.09,52.64,61.97,29.43,72.237
106,304.1,52.77,61.26,67.66,29.11,70.134
69,271.2,52.76,59.84,57.44,28.4,71.789
71,284.2,52.68,55.4,60.88,28.86,71.454
74,293.8,52.29,60.27,59.8,28.15,70.796
98,301,51.67,58.39,67.59,28.73,69.789
65,308,50,55.56,63.11,28.79,71.142
75,273.2,71.81,62.96,65.41,28.84,70.522
56,278,70.74,61.39,66.24,29.69,70.916
51,283.6,70.65,65.57,71.16,28.68,68.893
80,275.3,70.47,59.55,68.3,29.31,69.828
64,273.9,70.31,60.19,62.02,28.89,70.693
72,282.8,70.29,59.86,66.74,29.03,70.6
65,290.9,70.09,57.28,71.96,29.91,69.248
84,278.8,69.68,59.66,68.14,29.35,70.073
79,280,69.61,51.89,68.59,29.89,71.138
87,275.1,69.28,56.92,63.09,28.92,71.025
63,277.6,68.83,60.42,66.58,29.25,71.208
52,273.2,68.82,59.27,63.44,29.24,71.777
91,278.8,68.61,58.87,62.15,28.38,70.69
88,282,68.53,59.36,66.6,29.64,70.758
53,277.5,68.51,61.09,62.7,29.04,70.503
72,282.3,68.44,57.68,64.32,29.18,70.825
65,280.3,68.03,60.77,64.48,29.1,70.615
82,289.4,67.8,61.07,66.94,28.68,69.668
75,279,67.78,56.08,65.26,29.32,71.488
51,275.1,67.64,61.26,62.24,29.04,71.947
72,280.1,67.42,56.12,64.37,28.9,71.317
97,282.3,67.36,61.47,67.3,29.24,70.494
86,287.5,67.25,59.42,66.41,29.33,70.267
81,279.1,66.95,63.58,66.52,29.05,70.912
91,290,66.61,58.87,67.58,29.41,70.106
49,277.4,66.5,59.72,63.64,29.02,71.134
69,271.7,66.48,56.47,61.71,28.78,72.264
100,290.9,66.36,55.35,69.39,30.13,70.611
110,286.3,66.28,62.56,68.84,29.1,70.154
65,280.9,66.23,57.79,65.98,29.23,71.187
85,278.3,66.04,62.98,65.87,29.12,70.322
78,281.8,65.99,60.31,65.77,29.31,70.869
82,273.8,65.95,61.76,63.68,28.4,70.52
94,298.6,65.8,59.72,70.51,29.63,70.089
70,276.3,65.74,54.69,64.44,28.79,71.101
68,286,65.62,59.76,65.28,29.4,70.876
50,289.8,65.32,56.95,63.53,28.61,70.897
71,274.8,65.24,59.44,64.43,29.07,71.293
83,284.7,64.93,56.53,67.97,30,70.992
68,285.8,64.87,58.44,63.24,28.88,70.996
78,285.9,64.81,59.11,67.53,29.4,69.912
79,275.1,64.79,63.8,56.68,27.51,71.16
62,292.1,64.78,54.65,66,29.69,71.175
69,286.3,64.75,60.22,60.68,29.02,71.559
83,292.3,64.74,63.98,66,28.89,70.245
99,291.6,64.74,56.89,67.85,29.58,70.92
80,289,64.68,57.17,64.25,28.94,70.57
86,276.3,64.36,59.02,63.11,28.38,70.863
83,289.8,64.21,54.75,68.92,29.51,70.632
96,293.8,64.17,55.69,67.48,29.14,70.244
72,285.9,63.8,53.35,65.63,29.59,71.08
62,296.6,63.57,60.71,68.89,29.3,69.225
48,293.4,63.54,56.39,67.87,29.67,71.429
87,281.1,63.48,55.92,62.77,29.08,71.116
92,285.4,63.3,57.95,66.67,28.93,69.783
66,285,63.11,66.19,64.9,28.41,70.361
46,277.1,63.03,59.53,62.25,28.75,71.77
75,282.1,63.02,59.92,60.56,28.34,71.174
80,287.2,62.89,61.68,67.01,29.09,70.724
60,278.1,62.87,61.52,62.16,28.21,69.793
88,300.6,62.82,60.88,66.54,28.94,69.724
77,276.8,62.8,59.33,61.64,28.01,71.228
67,284.9,62.8,53.47,65.7,30.14,71.889
56,286.7,62.79,56.65,62.7,29.11,71.348
59,299.2,62.71,54.57,67.98,30.22,71.045
70,290.3,62.59,61.57,65.22,29.42,70.158
79,281.3,62.57,60.86,65.68,28.38,69.791
88,284.7,62.53,65.21,65.21,28.71,70.834
61,293.2,62.5,60,67.59,28.85,68.944
79,278.9,62.45,59.47,64,29.08,71.269
71,280.6,62.42,52.39,63.6,29.73,72.222
59,281.7,62.42,61.49,63.52,28.83,70.382
88,277,62.4,64.6,64.33,28.4,70.546
88,291.2,62.4,56.35,68.48,29.99,70.78
46,282.6,62.35,55.97,64.55,29.48,71.943
65,289.5,62.32,55.71,64.1,29.03,71.25
85,288.2,62.31,62.01,67.79,29.27,70.023
61,288.1,62.31,57.23,69.13,30.89,70.995
75,281.8,62.3,60.47,65.33,28.88,71
75,286.4,62.27,59.59,63.59,28.65,70.212
88,279.7,62.08,57.78,64.71,28.48,70.738
83,285.7,62.08,59.13,64.46,28.72,70.813
65,289.5,61.88,59.76,64.1,28.97,71.33
61,297.8,61.84,56.38,68.8,29.52,69.3
65,293.7,61.62,51.91,66.41,30.51,71.577
86,290.7,61.56,57.17,65.99,29.49,71.053
80,292.9,61.52,58.4,66.11,29.44,70.927
66,279.4,61.39,57.71,61.78,29.18,71.298
59,279.1,61.36,57.14,61.11,29.09,72.034
61,288.4,61.36,52.59,64.85,30,70.559
69,290.1,61.35,56.64,67.87,29.35,70.835
65,291,61.28,57.45,67.46,28.92,69.543
82,283.5,61.24,58.85,63.62,29.07,71.139
73,283.6,61.19,59.13,66.51,29.94,71.491
62,281,60.94,63.83,63.98,28.98,70.864
57,285.1,60.94,55.67,62.18,29.82,71.588
46,290.1,60.91,52.96,65.91,29.7,71.747
68,293.4,60.78,56.18,63.64,29.5,71.029
86,293.7,60.77,53.44,66.53,29.46,70.904
78,288.9,60.7,58.76,67.03,29.58,71.234
89,287.5,60.64,58.74,62.61,28.54,71.29
79,289.3,60.57,53.97,65.95,29.96,70.97
59,274.9,60.55,54.99,63.84,29.67,71.531
79,284.3,60.51,56.51,66.53,29.27,70.736
58,291.5,60.49,49.34,63.89,29.86,72.271
74,289.4,60.31,53.23,70.48,30.29,71.341
56,287.2,60.19,57.39,63.14,29.67,71.482
66,294.1,60.16,57.58,67.47,29.71,71.551
70,295,60.13,55.14,67.4,29.75,71.36
69,296.1,59.87,55.02,65.85,29.01,69.651
62,295.4,59.86,52.66,64.61,29.98,71.839
73,292.8,59.76,54.79,65.73,29.85,71.554
62,275.6,59.76,64.25,61.67,28.82,71.792
86,293.1,59.72,57.77,67.75,29.28,70.511
89,289,59.65,65.38,65.92,28.26,70.206
84,294,59.57,53.83,65.48,29.05,70.497
75,297.7,59.57,57.95,65.57,29.27,71.089
71,298.1,59.54,53.72,67.37,30.45,71.842
82,290.2,59.43,54.6,62.22,29.08,71.273
68,293.6,59.28,60.44,65.74,29.14,71.106
70,277.9,59.27,60.52,62.48,28.7,71.016
67,287.5,59.16,53.04,63.76,29.44,71.445
89,288.1,58.94,56.52,65.54,29.01,71.023
93,284.9,58.93,63.55,65.84,28.64,69.561
77,286.6,58.77,57.64,65.08,29.25,70.532
79,295.7,58.73,55.07,64.63,29,71.135
76,303.7,58.73,54.48,69.41,29.85,70.276
64,278.6,58.69,56.36,64.35,29.82,72.013
95,295.2,58.65,56.11,66.02,28.95,70.438
78,293.3,58.58,55.96,64.71,28.8,71.222
77,295.6,58.56,57.71,67.43,29.36,70.779
79,291.8,58.56,56.12,66.74,29.13,70.586
49,280.7,58.53,59.18,61.11,28.53,71.454
61,288.4,58.52,51.97,64.12,29.66,72.082
83,285.3,58.39,51.85,63.72,28.8,71.111
52,288.3,58.39,56.52,60.88,29.24,71.017
81,297,58.06,55.29,66.59,29.34,71.085
86,299.3,58.03,61.39,64.93,28.63,69.732
59,284.6,58.01,57.36,62.28,29.37,71.951
56,302.2,57.92,54.68,65.45,28.85,70.288
58,284.9,57.87,52.77,62.4,29.64,72.056
78,292.4,57.83,59.23,64.89,28.77,70.863
63,289.6,57.72,58.08,61.74,28.98,70.491
64,295.4,57.72,57.99,64.67,28.67,70.613
79,301.5,57.69,55.63,66.24,28.84,70.167
94,303.8,57.6,54.58,66.98,29.34,70.733
48,301.9,57.5,50.54,66.55,30.52,72.414
63,293.1,57.35,57.91,61.3,28.58,71.256
78,287.9,57.3,58.55,66.67,28.56,69.742
71,290,57.19,53.16,67.76,29.99,70.633
74,292.7,56.89,61.51,65.09,29.01,71.011
76,283.7,56.54,61.5,60.89,28.39,71.11
84,291,56.34,53.99,61.04,29.07,71.892
45,295.3,56.31,58.33,61.24,28.67,70.368
63,287.3,56.26,59.66,61.67,28.5,70.108
73,294,56.19,55.43,64.99,29.73,70.897
83,292,56.13,60.44,63.79,28.6,70.807
56,299.7,55.66,52.74,62,29.75,72.107
72,291.3,55.48,53.27,66.03,29.81,71.515
56,285.3,55.46,53,66.13,30.17,72.345
68,294.1,55.39,59.33,64.81,29.11,71.889
69,302.4,55.37,48.74,66.15,29.62,71.058
60,270.5,55.07,59.11,56.9,28.07,71.643
63,297.2,54.97,58.5,63.67,29,71.114
72,280.5,54.61,60.59,62.14,29,71.659
76,287.1,53.89,59.7,63.81,28.51,70.888
50,305.7,53.8,49.82,66.78,30.74,71.088
83,300.4,53.67,62.91,65.53,28.92,70.676
78,298.2,53.57,53.24,62.3,29.12,71.273
69,299.6,53.38,57.5,65.81,29.31,71.162
71,305.8,53.36,53.22,66.75,29.4,70.115
78,303.2,53.17,58.3,65.67,28.96,70.924
87,294.8,53.11,64.83,66.73,28.66,70.272
67,300.2,53.04,62.47,61.97,28.48,71.335
45,283.6,52.24,56.44,59.75,28.82,71.479
84,298.5,52.18,60.62,66.07,28.87,70.332
49,296.2,51.59,55.15,62.84,29.58,72.59
71,298.8,51.5,53.36,64.26,29.52,71.625
68,288.5,50.71,57.72,58,27.8,71.503
65,306.3,45.58,54,62.39,29.39,72.444
84,276.1,73,59.39,65.63,29.18,70.955
93,278.9,71.69,58.33,67.84,29.87,70.911
60,276.7,71.6,58.03,64.26,29.33,70.697
85,280,70.71,63.83,68.19,29.05,69.304
55,285.5,70.11,51.83,66.26,29.02,70.229
60,275.5,69.75,61.86,66.09,29.22,70.74
62,274.8,69.7,58.46,68.87,29.36,70.538
83,273,69.24,56.86,60.55,28.59,71.488
91,281.9,68.95,55.25,66.99,29.53,70.82
71,285.6,68.72,54.99,68.29,29.37,70.809
99,288.3,68.69,55.52,66.44,29.15,70.384
84,276,68.62,57.82,64.03,29.36,71.375
83,282.5,68.57,56.52,66.13,29.86,71.334
95,281.1,68.53,60.37,64.95,28.45,69.821
79,272.5,68,55.24,62.12,29.14,71.798
74,281.4,67.93,58.77,66.51,29.39,70.699
88,293.1,67.74,53.71,68.97,29.9,70.346
91,277.1,67.24,58.92,63.47,28.61,70.807
83,285.3,67.16,58.48,65.66,29.41,70.883
72,285.8,67.03,58.24,69.36,29.64,70.905
83,292.4,66.9,62.42,69.17,29.07,69.456
63,290.2,66.58,59.87,68.79,29.42,70.494
75,289,66.09,58.4,63.85,28.67,70.812
81,291,65.93,57.37,68.59,29.44,70.05
80,281.5,65.91,61.3,62.03,28.39,70.634
65,284.5,65.84,54.71,66.84,29.89,71.201
107,288.4,65.83,56.01,65.91,29.35,70.586
69,290.9,65.82,61.98,70.34,29.41,69.549
89,287.6,65.75,56.77,66.35,28.87,70.3
104,282.6,65.69,60.91,64.61,28.68,70.376
61,293.8,65.49,58.29,63.65,28.81,70.977
75,283.3,65.45,60.44,64.79,29.08,71.095
101,290.3,65.44,58.99,63.92,28.79,70.821
92,290.6,65.36,58.49,68.41,29.62,70.434
99,290.4,65.36,56.9,69.06,29.56,70.369
90,286.8,65.2,61.76,64.02,29.48,70.948
63,280.1,65.16,62.66,64.96,28.63,69.687
74,296.8,65.15,53.04,69.53,30.5,70.966
57,285,65.13,64.34,61.61,28.39,70.176
85,292.9,65.09,58.61,67.75,29.64,70.525
72,271.2,65.08,59.76,64.23,28.86,71.397
86,286.2,65.06,62.43,65.38,28.51,69.477
81,279.2,65,56.07,64.59,29.25,71.248
84,296.1,64.79,55.69,67.07,28.81,69.718
57,281.4,64.66,58.47,67.21,30.22,71.653
88,284,64.66,56.5,66.48,29.48,70.946
83,293.3,64.46,54.9,69.13,30.01,70.701
84,293.2,64.43,56.79,64.99,29.17,70.606
88,290.4,64.41,58.79,66.6,29.58,71.023
73,286.8,64.36,57.24,64.81,28.75,70.708
81,295.4,64.25,58,66.16,29.48,70.618
77,284.5,64.18,55.6,63.32,29.33,71.71
51,289.5,64.13,59.04,65.37,29.3,70.239
71,282.3,64.08,54.68,63.57,29.3,70.886
69,297.4,63.93,63.17,67.58,28.91,68.904
79,292.2,63.62,60.74,65.17,29.33,70.484
62,284.6,63.47,53.59,66.87,30.18,72.039
77,288.8,63.44,55.48,65.3,30.03,71.887
115,288.8,63.42,58.6,69.17,29.44,70.137
78,268.9,63.34,58.49,63.29,29.3,71.579
73,285.4,63.31,60.15,68.33,29.06,69.865
83,278.1,63.22,57.78,61.04,28.58,71.333
93,288.1,63.18,57.61,68.24,29.91,70.939
88,288.8,62.72,57.23,64.93,29.5,71.038
51,284.2,62.65,48.99,64.78,30.13,72.296
57,299.2,62.48,53.71,64.68,29.32,71.064
65,299.5,62.41,55.37,68.78,29.46,69.707
56,286.9,62.37,56.91,66.22,29.64,71.584
81,291.5,62.33,61.77,65.05,28.72,70.378
88,284,62.32,56.85,65.91,29.4,70.899
86,286.6,62.31,61.55,63.37,28.88,70.878
95,286.7,62.25,61.11,66.32,29.12,70.802
88,295.5,62.23,51.41,66.35,29.58,71.139
70,280.7,62.22,61.23,64.84,29.09,71.218
55,288.9,62.19,50,67.8,29.98,71.646
60,298.1,62.17,48.3,69.75,30.06,70.084
91,277.7,62.1,64.38,62.71,28.13,70.767
73,290.1,62.01,62.63,63.66,28.74,70.436
79,290.3,62.01,54.5,69.55,29.92,71.079
88,282,62,62,59.83,27.93,70.417
81,289.3,61.93,56.03,67.68,29.55,70.722
101,292,61.91,59.35,66.32,28.7,70.197
54,283.7,61.88,56.5,62.18,29.48,71.511
69,287.6,61.82,55.02,63.14,28.97,71.205
86,290,61.7,56.96,67.41,29.76,71.16
81,285.2,61.67,52.81,65.3,29.88,71.726
90,302.7,61.65,57.55,66.54,28.88,69.984
86,285.6,61.65,59.13,59.69,28.24,70.697
89,292.8,61.63,58.22,66.22,29.34,70.821
99,295.4,61.62,59.3,66.22,29.41,70.156
83,277.5,61.59,61.32,64.91,28.91,71.028
77,288.6,61.47,58.65,67.47,28.79,70.04
56,295.8,61.41,58.95,62.65,28.74,70.281
62,285.9,61.38,57.39,64.51,29,70.871
73,292.2,61.33,53.43,65.94,29.91,71.563
97,298.6,61.3,56.07,67.5,29.53,70.953
62,273.9,61.26,56.25,61.69,29.09,72.137
57,292.4,61.15,58.36,64.98,28.66,69.928
85,288.8,61.14,57.33,63.03,29.17,71.011
79,285.1,61.12,55.37,63.85,29.23,71.634
69,287.9,61.1,59.47,62.48,28.75,71.342
64,284.9,61.06,57.67,58.51,28.5,71.005
84,287.4,61.04,58.67,62.24,28.81,71.125
80,285.5,60.89,58.44,66.23,28.92,70.789
78,285.2,60.72,60.98,62.39,28.59,70.418
81,286,60.59,56.26,66.3,29.01,71.059
96,285.4,60.58,58.6,66.3,29.24,70.729
70,275.3,60.56,57.57,57.74,28.62,72.116
81,288.7,60.5,62.08,63.75,27.92,69.84
79,304.3,60.36,57.68,66.74,29.63,70.624
79,279.4,60.34,59.18,60.44,28.93,71.583
99,291.6,60.33,62.42,66.55,28.89,70.458
65,291.2,60.22,50.13,64.5,29.8,71.835
84,290.1,60.19,54.93,67.13,29.83,70.566
90,295.9,60.16,54.03,68.58,29.87,70.444
58,279.3,60.11,55.62,62.93,29.27,71.95
59,293.7,60.1,51.68,65.11,29.23,71.192
84,297.5,59.98,56.04,68.25,29.67,70.615
88,289.4,59.93,57.06,67.36,29.78,70.781
67,293.6,59.86,59.67,62.17,28.41,69.736
76,290.9,59.7,56.6,63.45,29.59,71.37
93,291.8,59.7,58.32,66.6,29.15,70.891
59,304.6,59.61,55.87,66.57,29.53,69.533
86,306.9,59.49,52.61,67.06,29.9,70.633
98,300.3,59.47,53.6,67.74,29.52,70.688
80,283.4,59.43,55.39,63.26,29,70.718
76,286.7,59.34,50.85,65.79,29.91,71.355
105,300.4,59.34,58,67.41,29.28,70.256
77,298.2,59.16,55.92,65.3,29.52,70.989
64,296.3,59.11,54.84,65.02,29.11,70.194
83,290.5,59.1,58.68,67.56,29.45,71.062
73,283.8,58.97,57.62,66.92,29.35,70.991
72,286.3,58.9,61.57,63.65,27.89,70.244
97,296.8,58.86,55.11,66.43,29.29,70.577
68,315.5,58.84,56.58,69.95,29.73,69.639
78,283.6,58.77,55.75,60,28.87,71.873
87,300.2,58.6,55.9,65.39,29.69,71.208
81,297.2,58.33,53.55,62.48,29,71.499
61,311.6,58.19,53.13,66.46,29.66,71.401
92,292,58.1,54.74,67.36,29.8,71.163
78,302.4,58.1,52.33,66.38,29.77,71.49
81,289.8,58.08,50.99,59.81,28.77,71.629
61,287.4,57.98,57.52,61.85,29.1,70.561
81,303.1,57.95,58.27,65.16,28.74,70.252
69,289.5,57.88,58.65,63.64,29.12,70.753
73,289.5,57.88,51.7,64.79,29.55,71.918
65,290.8,57.86,56.82,67.3,29.79,71.449
92,297.1,57.63,60.37,63.89,28.46,70.013
75,285.7,57.53,54.98,59.15,29.07,72.571
74,291.9,57.44,56.66,65.24,28.98,71.062
81,283.7,57.3,57.84,60.97,28.65,70.776
74,285.4,57.22,50.31,59.89,28.81,72.494
54,299.7,57.02,49.09,63.33,29.72,71.581
91,293.3,56.73,57.83,64.11,29.3,70.89
80,294.6,56.71,61.06,66.52,29.4,70.131
60,310.1,56.61,60.24,66.36,28.72,68.873
89,310.3,56.58,55.58,69.23,29.56,70.066
70,310.2,56.3,60.29,65.75,28.64,69.564
78,276.4,56.13,58.26,60.6,28.68,71.978
101,289.9,56.09,60.45,60.27,28.65,71.502
95,304.5,56.06,59.9,65.73,28.74,70.409
60,285.9,56.04,52.21,62.76,29.2,72.304
59,295.6,56.01,48.34,62.05,29.66,71.922
50,306.7,55.78,52.55,62.08,28.89,70.879
98,297.2,55.63,53.53,62.3,28.91,71.54
53,293.7,55.49,58.52,64.74,29.41,71.367
54,294.7,55.22,52.62,63.25,29.27,71.453
84,289.4,55.2,58.26,62.76,29.26,70.831
68,292,54.9,55.98,61.3,29.22,71.543
56,297.7,54.68,53.85,61.21,29.2,71.739
98,294.6,54.6,56.2,66.61,29.54,70.385
70,301.6,54.55,52.8,64.01,29.83,71.552
90,309.7,54.4,55.92,64.5,29.21,70.924
79,294.4,54.31,61.57,64.14,28.49,70.03
73,292,54.3,59.85,58.1,28.07,71.113
79,304.1,53.92,56.43,66,29.56,71.445
95,295,53.58,59.04,63.98,28.71,70.538
71,288.8,53.43,52.9,64.26,29.7,71.483
54,290,53.28,54.44,59.61,29.44,70.854
77,304.6,53.09,49.78,66.07,29.93,71.44
101,296.5,52.74,58.09,64.3,28.78,70.556
100,298.9,52.67,56.49,64.01,29.39,71.247
68,299.5,52.6,59.12,63.17,29.03,71.531
57,308.6,52.48,61.36,61.31,28.42,70.152
80,288.2,52.29,51.69,58.95,28.82,72.182
75,295.7,52.23,53.45,63.85,29.28,71.692
64,289.1,52.08,57.34,60.3,28.82,71.876
63,284.5,51.88,53.8,65.35,29.78,72.059
83,291.1,51.32,54.39,62.38,28.8,71.246
57,291.5,49.93,53.33,59.15,29.55,72.995
55,295.6,47.27,53.39,59.8,28.59,71.872
71,283.6,75.65,59.1,71.26,30.61,71.428
89,281.9,74.92,54.53,71.4,30.16,70.988
85,275.6,73.3,62.55,66.25,28.96,70.241
90,269.8,72.77,63.78,63.44,28.28,70.214
66,276.7,71.91,61.58,65.82,29.42,70.839
78,279.1,71.82,61.21,70.2,28.96,69.706
89,276.3,71.67,59.22,66.67,29.26,70.8
79,278.2,71.06,63.98,66.38,28.71,69.966
94,283.3,70.41,60.87,68.77,29.54,70.747
105,283.3,70.33,59,67.35,29.1,70.469
58,282.6,70.29,55.19,67.09,29.46,70.729
76,279.3,70.19,61.62,64.81,29.31,71.143
60,286,69.88,50.47,65.71,30.63,72.008
50,285.4,69.58,60.26,66.44,29.5,71.598
81,274.8,69,55.79,64.47,29.44,71.722
53,275.5,68.91,51.8,62.16,29.68,72.975
60,289.1,68.74,60,69.14,29.67,70.435
87,281.4,68,58.37,67.57,29.45,70.37
71,279.7,67.85,58.14,64.41,29.2,71.458
89,284.8,67.63,62.97,66.03,29.09,70.526
74,284.9,67.48,58.25,67.3,29.23,71.336
69,283.8,67.44,60.59,65.3,29.15,71.121
81,282.2,67.35,57.8,67.17,29.56,70.654
92,293.5,67.32,55,68.6,29.58,70.744
71,297.2,67.31,58.03,68.69,29.62,70.423
76,284.9,67.06,61.31,66.36,29.08,70.434
62,280.1,67.05,59.33,64.38,28.8,70.869
85,296.7,66.84,56.28,69.08,29.8,70.584
83,282,66.82,60.81,64.29,28.84,70.899
94,293.3,66.82,54.77,70.86,29.84,70.199
66,296.6,66.74,52.85,71.68,30.84,71.176
72,291.6,66.7,63.1,65.89,28.97,70.803
93,277.9,66.67,60.47,65.11,29.1,70.909
82,282,66.46,62.5,65,28.38,70.433
89,287.4,66.45,58.36,64.92,29.04,70.621
96,291.1,66.43,56.03,68.96,30.03,70.671
59,280.3,66.42,56.94,66.1,29.25,71.178
50,289.5,66.31,54.01,66.08,29.38,70.997
75,291,66.22,54.03,67.07,29.59,71.512
59,287.6,66.21,63.92,66.88,29.02,70.943
76,285,66.13,54.5,66.12,29.68,71.001
80,279,66.02,55.34,62.01,29.12,71.747
100,298.5,65.87,58.72,69.16,29.52,70.334
78,286.8,65.81,58.62,66.95,29.44,70.2
116,292.1,65.79,60.63,65.48,28.71,70.7
76,279.5,65.79,60.81,63.82,29.21,71.326
82,280.1,65.29,61.97,64.91,29.23,71.002
62,276.8,65.27,61.63,62.63,28.66,71.195
73,296.8,64.96,60.87,64.99,28.53,70.595
89,292.8,64.83,54.53,65.45,29.39,71.019
52,282.8,64.76,56.33,65.58,29.06,70.824
94,286.2,64.75,62.91,66.98,28.52,69.515
88,280.5,64.73,60.49,62.17,28.64,71.326
65,291.6,64.63,60.56,60.75,28.64,71.127
59,285.4,64.45,57.57,62.63,28.71,71.635
56,282.7,64.36,58.29,61.52,29.11,72.048
73,284.1,64.29,63.71,67.33,28.03,68.861
89,284.1,64.22,58.46,66.04,28.85,70.909
55,290.1,64.11,55.86,66.36,29.95,71.134
105,287.8,64.04,60.33,66.45,28.81,70.429
85,287.2,64.02,61.45,64.9,28.51,69.859
60,299.7,63.98,59,68.08,29.39,69.872
53,286.1,63.87,52.89,61.95,29.81,72.76
96,288.5,63.76,59.93,66.24,29.08,70.826
90,289.2,63.72,60.5,65.62,29.24,70.54
76,291.4,63.64,58.35,65.42,28.84,70.826
93,296.6,63.59,58.3,69.44,29.53,70.135
92,297.4,63.59,58.69,68.02,29.57,70.092
113,286.3,63.53,60.35,67.99,29.34,69.851
64,276.6,63.46,54.19,63.41,29.47,71.902
74,289.5,63.43,52.93,64.76,29.34,71.419
88,290.9,63.36,59.47,68.82,29.51,70.709
99,291.1,63.31,57.54,71.13,30.12,70.273
79,290.6,63.27,57.92,69.48,29.64,70.332
88,293.2,63.25,52.39,68.06,29.71,71.295
92,284.9,63.11,57.94,68.89,29.7,70.952
79,290.1,63.1,60.08,62.89,28.47,70.345
84,288.4,63.08,52.1,65.2,29.43,71.639
62,290.1,63.04,54.84,63.1,28.95,71.525
54,282.8,62.93,52.8,65.6,29.69,71.533
84,290.2,62.91,58.76,67.54,29.72,70.284
69,290,62.89,59.68,62.63,28.47,70.164
92,291.6,62.85,58,68.79,29.21,69.905
75,284.9,62.83,55.07,63.24,29.7,72.487
70,288.8,62.47,64.93,66.02,27.96,69.362
88,279.6,62.42,65.17,61.24,27.77,70.596
95,291.8,62.29,58.46,65.77,28.75,70.289
65,290.9,62.23,55.21,68.23,30.54,71.262
63,290.2,62.23,61.31,62.52,28.69,70.277
63,286.8,62.04,56.35,64.12,29.75,72.083
77,285.6,61.99,60.87,65.93,29.17,69.993
98,296.2,61.93,62.22,69.84,28.77,69.252
63,294.2,61.82,56.68,64.78,29.19,70.849
84,288.5,61.74,58.09,68.12,29.61,70.433
58,297,61.73,59.77,65.97,29.25,69.619
91,300.7,61.5,56.18,65.9,29.26,70.257
60,293.1,61.49,52.85,64.42,29.31,71.634
104,302.3,61.48,54.45,66.89,29.5,71.057
50,289.9,61.44,58.28,64.4,29.06,70.731
88,282.5,61.43,57,59.85,28.55,71.119
83,285.8,61.35,58.93,63.65,28.41,70.757
67,293.1,61.16,58,64.26,29.07,71.478
92,291.5,61.11,56.7,69.38,29.77,71.046
71,284.3,61.05,56.76,63.18,29.18,71.642
74,294.6,61.05,53.74,65.92,29.26,70.445
110,294.3,60.99,57.69,67.3,29.47,70.751
76,295.2,60.98,57.69,65.79,29.17,70.735
66,281.2,60.98,58.07,61.57,28.68,71.833
70,284.3,60.96,54.85,60.59,28.92,71.858
92,287.4,60.82,60.62,63.56,28.19,69.854
103,289.9,60.78,59.75,68.63,29.56,70.726
92,295.3,60.46,54.73,64.53,29.33,70.802
83,283.4,60.36,58.8,64.26,29.01,71.115
93,299.8,60.34,53.64,66.79,29.41,71.097
83,291.6,60.33,57.2,65.65,28.9,70.783
79,291,60.14,60.75,65.3,28.88,70.942
71,288.1,60.1,51.07,69.89,30.39,71.062
82,297.4,60.1,51.49,64.71,29.8,71.616
88,291.2,60.03,57.31,67,29.49,70.838
69,295,59.95,56.23,64.21,29.03,70.797
91,298.6,59.81,58.27,68.99,30.12,70.87
79,294.3,59.67,57.23,66.46,29.53,70.61
73,295.6,59.54,56.51,65.21,29.68,71.714
98,304.6,59.52,54.17,68.21,29.46,70.317
70,298.5,59.45,54,68.25,30.04,70.548
81,285,59.44,60.92,62.34,28.74,71.298
65,296.8,59.1,58.22,65.01,29.18,71.372
78,283.9,59.05,59.42,65.2,28.96,71.165
78,295.8,59,58.46,64.89,29.03,71.221
104,296.7,58.97,55.39,67,29.39,70.814
83,286.1,58.86,57.3,61.95,29.35,71.617
91,300.2,58.83,55.58,65.64,29.31,71.184
78,293.3,58.55,56.6,66.52,29.54,70.572
77,303,58.51,59.08,66.59,28.91,70.341
65,287.5,58.2,55.9,61.62,29.02,71.554
80,301.9,58.15,62.96,66.88,28.44,69.518
93,310.5,58.07,58.2,69.41,29.69,69.875
67,298,58.06,56.68,62.62,29.58,71.582
61,299.2,58,60.16,66.85,29.13,69.564
69,294.4,57.98,55.99,62.5,29.04,71.024
77,294.7,57.8,56.48,63.41,28.41,70.495
84,279.8,57.66,63.5,61.04,27.75,70.432
108,297.3,57.51,63.92,68.91,29.31,69.66
51,304.1,57.38,54.21,62.06,29.26,72.177
82,298.6,57.35,47.91,65.95,30.05,71.904
85,291.8,57.29,59.08,65.64,28.99,70.634
72,314.2,57.17,51.24,68.39,29.56,70.457
86,299.5,57.06,54.26,61.79,29.45,71.89
74,290.7,57.03,51.72,67.62,29.71,70.877
87,303.3,56.99,55.37,63.58,29.15,71.325
69,301.7,56.98,56.53,67.94,30.23,71.377
85,314.9,56.92,50.82,69.83,29.86,70.625
84,303.7,56.91,53.52,66.6,29.71,71.036
78,305.4,56.81,57.58,65.84,29.08,70.792
61,299.2,56.78,60.41,63.37,28.92,70.211
85,292.5,56.74,58.23,65.84,29.3,70.46
84,299.5,56.7,55.02,64.47,28.35,70.007
75,291.6,56.62,56.98,62.6,28.63,71.215
72,291.8,56.58,57.08,64.31,28.97,70.7
84,288.3,56.51,54.97,62.1,29.01,71.689
87,295.7,56.47,57.66,66.67,29.05,70.414
91,284.8,56.31,55.65,63.25,28.79,71.444
71,298.5,55.79,56.91,63.5,29.05,71.277
71,294.6,55.78,54.74,63.17,29.54,70.81
77,286.1,55.71,58.64,63.01,29.29,71.675
77,296.2,55.67,59.44,65.48,28.39,70.23
71,293.9,55.52,56.96,62.36,28.76,71.517
67,290.2,55.27,53.49,60.92,29.12,71.803
86,308.3,55.12,52.33,63.62,28.84,71.221
50,301.6,54.97,52.17,63.89,29.07,70.696
67,297.2,54.72,58.17,64.37,29.27,70.989
76,302.6,54.7,64.64,64.92,28.37,69.706
84,304.9,54.65,54.66,67.22,29.95,70.966
87,296,54.41,58.53,64.43,29.14,70.948
63,292.2,54,52.66,61.02,29.29,72.542
82,299.5,53.76,59.96,63.75,28.7,70.847
79,299.8,53.2,62.01,66.96,29.08,69.891
79,298.8,53.13,59.45,63.92,28.57,70.424
60,294.7,52.98,59.84,64.12,28.98,70.809
83,313.4,52.97,53.56,66.13,29.4,70.931
71,296.1,52.87,54.85,59.49,28.72,71.696
57,318.4,52.09,54.06,66.46,29.3,70.523
67,296.3,51.88,52.66,64.1,29.46,71.873
58,301.8,51.49,54.08,62.45,29.43,70.891
65,297.9,50.57,50.83,62.87,29.54,72.606
72,294.2,46.99,58.45,61.58,28.59,70.775
74,272,76.08,61.44,68.22,29.78,71.579
67,285.6,75.94,59.09,71.95,29.89,70.365
101,266.4,74,66.51,63.44,28.02,70.756
88,272.2,73.72,62.67,66.73,28.87,70.246
56,270,72.86,58.31,62.64,29.53,72.229
97,278.9,72.42,62.87,69.59,29.62,70.673
86,281.3,71.88,61.29,67.58,28.89,70.337
93,279.7,71.24,57.66,66.54,28.73,70.527
85,282.3,71.13,59.06,68.22,29.07,70.234
76,276,71.01,63.47,67.12,28.74,69.828
90,277.3,70.92,59.35,68.5,29.6,71.156
78,273.6,70.58,55.02,65.95,29.08,71.532
99,279,70.5,57.91,67.49,29.63,70.954
82,280.2,70.44,55.32,69.87,29.65,71.159
91,273.3,70.34,59.7,65.45,28.66,70.851
81,277.4,70.31,56.42,66.6,29.7,71.219
78,284,70.29,55.5,69.68,30.5,71.426
88,279,70.13,61.87,67.39,29.15,70.983
78,275.5,70.07,59.69,68.02,29.6,70.871
76,285.1,69.87,59.74,68.95,29.72,71.29
58,279.5,69.63,57.57,62.56,29.02,71.64
89,277.8,69.46,57.32,65.09,29.02,70.419
78,280.4,69.34,58.67,67.11,29.33,71.27
87,281.9,69.24,58.24,66.67,29.82,71.018
94,285.1,69.01,59.46,69.06,29.54,70.629
87,280.6,68.85,62.16,70.28,29.71,71.098
73,278.3,68.7,64.47,67.33,29,70.345
50,283.2,68.59,59.06,66.67,29.76,71.417
97,288.7,68.54,60.27,65.98,28.75,70.514
73,282.9,68.5,63.75,68.29,28.69,69.66
101,278.9,68.35,61.85,63.09,28.87,71.376
71,278.1,68.27,56.96,69.32,30.28,71.341
87,284.4,68.26,57.46,68.33,29.39,70.794
74,278.6,68.16,59.37,63.85,28.75,70.838
74,289.2,68.01,64.23,68.71,29.09,70.318
80,289.7,67.99,60.76,66.67,29.05,70.623
69,290.6,67.99,61.74,69.04,29.97,70.841
85,291.8,67.94,58.65,68.65,29.6,70.476
97,286.9,67.89,64.69,69.36,28.74,69.606
76,279.1,67.55,55.77,66.75,29.62,71.445
105,278.7,67.37,60.38,66.35,29.23,70.992
54,281.6,67.37,67.16,68.98,28.79,70.223
90,288.6,67.36,61.19,65.8,28.98,70.94
57,275.6,67.28,54.43,66.78,29.69,72.032
70,284.6,67.23,58.53,70.49,29.69,70.856
103,290.2,67.22,57.65,72.49,30.08,70.618
88,291.9,67.14,60.32,70.07,29.95,70.851
74,280,66.95,59.61,69.78,29.48,70.757
84,279.8,66.89,57.49,67.79,29.25,70.856
86,287.9,66.89,62.44,71.96,29.9,70.604
91,286.4,66.87,54.06,71.15,30.6,71.371
84,291.3,66.84,57.43,66.73,29.2,71.077
109,291.4,66.71,56.93,70.24,29.94,71.102
93,281.1,66.48,58.56,67.92,29.55,71.121
75,282,66.47,59.67,67.79,29.15,70.639
94,278.6,66.46,64.45,65.89,28.57,70.314
72,290.8,66.33,59.31,68.52,29.78,70.918
55,281.8,66.28,54.52,64.85,30.2,72.881
78,277.4,66.02,55.04,62.76,29.19,72.041
82,283.1,65.99,62.67,68.52,29.23,70.099
64,302.5,65.93,54.58,71.74,30.28,70.917
66,292.4,65.87,56.28,66.5,28.77,70.948
92,286.2,65.69,58.19,66.47,29.27,71.277
90,290.3,65.64,56.59,66.67,29.07,70.727
114,286.9,65.51,55.52,70.07,29.51,70.344
87,282,65.45,61.49,69.41,29.65,70.639
77,283.5,65.45,59.47,64.94,29.49,71.501
62,290.3,65.38,55.48,70.88,29.35,70.354
85,289.3,65.24,54.21,69.74,30.33,71.672
90,287.1,65.23,62.23,68.95,28.91,70.593
104,292,65.23,62.33,69.23,29.31,69.955
78,287.8,65.17,63.85,66.31,28.64,69.885
110,280.6,65.12,58.95,69.88,29.33,70.385
92,292.8,65.07,59.62,68.72,29.7,70.772
79,281,64.91,55.77,66,28.95,70.981
75,291.4,64.79,63.91,65.96,28.65,69.718
76,289.1,64.75,56.37,68.17,29.31,70.131
72,288.1,64.74,49.59,69.11,30.21,71.722
88,305.7,64.74,61.56,71.27,30.07,70.645
81,295.5,64.58,59.27,68.18,29.59,70.728
90,283,64.52,58.65,67.9,29.74,70.958
72,288.6,64.31,56.18,65.95,29.07,71.033
61,293.7,64.28,58.36,66.77,29.87,71.614
89,277.1,64.27,61.19,62.36,27.97,70.258
79,297.7,64.2,54.37,70.25,30.24,70.888
98,292.7,64.19,59.51,69.9,29.3,70.429
95,281.2,64.19,65.56,66.55,28.58,70.284
87,293.3,64.17,57.96,69.92,29.48,70.308
74,287.1,64.12,51.84,63.47,29.39,71.53
55,286.4,64.07,59.52,66.06,29.89,71.162
88,289.2,64.04,49.38,67.86,30.2,71.815
84,292.4,63.98,57.08,68.61,29.48,70.431
84,289.3,63.98,61.83,68.22,29.8,70.603
62,276.5,63.85,51.32,62.5,29.46,72.878
58,292.7,63.75,54.57,66.13,29.88,71.076
68,285.7,63.72,58.21,66.15,29.61,71.395
101,293.1,63.69,56.83,68.8,29.74,71.116
84,289.7,63.47,56.08,67.92,29.42,70.951
89,281.3,63.4,59.13,66.94,29.12,70.9
54,296.2,63.4,57.84,65.34,29.24,70.835
64,283.3,63.35,61.58,65.34,28.75,70.896
75,292.3,63.28,56.46,68.62,29.84,70.343
84,278,63.16,62.4,65.28,28.69,70.403
90,278.7,63.11,63.13,64.51,28.4,70.753
81,286.9,63.09,54.45,65.04,29.43,71.595
77,288.1,63.08,57.47,66.36,29.22,71.255
90,287.2,62.98,57.4,69.31,29.77,70.966
57,288.7,62.96,50.36,69.72,31,72.401
86,290.2,62.96,56,67.95,29.53,71.149
70,294.4,62.93,54.03,69.61,30.07,70.468
75,295.7,62.84,54.15,67.42,29.65,70.949
99,282.1,62.82,62.06,63.8,28.24,70.552
55,286.8,62.72,59.82,62.47,28.9,71.211
70,283.2,62.67,61.27,64.61,28.77,70.499
54,300,62.64,60.13,66.24,29.27,70.351
91,296.5,62.63,55.51,69.63,29.32,70.291
85,282.4,62.59,58.1,68.24,29.52,71.113
77,292,62.57,54.26,69.73,30.71,71.969
52,273.2,62.5,53.37,60.63,29.78,73.07
71,277,62.36,65.41,65.28,28.46,69.85
50,281,62.18,50.96,65.48,30.02,72.222
83,283.1,62.16,63.2,67.8,28.93,70.367
60,290.9,62.06,57.61,64.75,28.93,70.986
81,290.6,61.96,56.33,67.49,29.53,70.875
67,286.2,61.9,50.38,65.52,30.03,72.202
54,279,61.66,50.88,58.94,29,72.602
78,289.6,61.66,57.5,66.05,29.43,70.425
85,298.2,61.59,60.6,66.53,28.73,70.254
85,290.9,61.54,61.66,70,29.54,70.437
69,291.4,61.46,52.73,69,30.1,71.77
52,289.9,61.43,53.4,65.97,29.69,72.217
79,283.9,61.41,60.48,67.79,29.59,71.086
92,301.1,61.4,54.83,71.26,30.02,70.661
64,294.2,61.31,60.86,68.68,29.07,69.72
86,279.5,61,60.18,63.18,28.94,71.421
59,287.3,60.94,63.69,65.28,29.08,70.631
79,288.9,60.71,57.48,65.85,29.77,71.688
53,295.6,60.7,53.41,70.07,30.18,72
86,290.8,60.61,52.44,63.96,29.61,71.824
98,285.4,60.47,59.46,66.16,28.73,70.683
77,281.5,60.37,59.47,68.65,29.62,71.498
84,296.3,60.36,55.79,71.43,30.44,71.31
79,289.1,60.28,56.48,66.74,29.36,71.366
87,275.8,60.27,64.37,63.29,28.28,70.599
91,296.5,60.27,57.31,67.83,29.68,71.158
96,283.2,60.26,57.93,70.12,29.94,71.082
72,288.4,60.16,61.23,67.86,28.99,69.843
72,288,60.04,57.24,65.9,29.69,71.82
65,291.7,59.93,53.85,63.28,29.56,72.682
77,287.7,59.91,57.81,67.68,29.38,71.194
93,275.5,59.8,64.32,66.01,28.53,70.732
101,289,59.75,58.82,61.84,28.89,70.954
58,271.4,59.47,47.49,59.05,29.02,73.116
86,288.2,59.37,54.98,65.48,28.96,71.486
99,285.9,59.32,56.69,66.07,29.23,71.296
73,294,58.93,56.91,70.42,30.13,71.622
55,294.5,58.71,53.23,70.18,30.45,71.598
88,295.7,58.4,55.35,68.6,29.47,70.878
103,285.5,58.37,59.59,68.23,29.32,70.47
87,295,58.37,56.9,66.67,29.44,70.769
62,287,57.94,56.16,67.69,29.22,70.764
54,307.3,57.82,58.71,68.11,29.8,70.847
82,298.2,57.78,60.38,67.68,29.15,70.274
84,295.8,57.23,55.56,65.48,28.77,70.824
91,294,57.16,57.98,60.17,28.46,71.575
71,286.9,57.08,52.26,66.1,29.48,71.688
89,293.3,57.07,60.61,65.29,28.65,70.605
78,293.9,56.96,58.15,66.81,29.31,70.954
57,292.1,56.7,61.2,61.9,28.3,70.174
94,298.9,56.65,57.1,64.6,28.57,70.995
69,291.9,56.61,54.81,64.29,29.86,72.17
83,308.5,56.35,55.81,67.95,29.37,70.135
88,296.8,56.03,54.79,67.74,29.11,71.196
58,284.3,55.88,50.72,62.71,29.58,72.323
71,315.5,55.73,51.98,67.61,29.89,71.264
77,309.8,55.67,55.5,68.54,29.4,70.229
89,297.3,55.44,56.8,66.86,29.04,70.497
73,296,55.05,60.78,65.07,28.93,70.986
66,288.4,54.94,55.61,66.49,29.5,71.966
81,294,54.84,57,61.93,29.17,71.666
103,294.3,54.58,64.46,68.57,28.96,70.292
64,304.5,54.49,55.15,65.78,29.48,70.919
100,307.2,54.45,62.48,65.5,28.86,70.089
79,293.4,54.34,55.49,66.03,29.32,71.207
59,273.9,53.83,58.8,57.89,28.16,71.571
79,291.7,53.49,58.86,66.51,29.36,71.171
70,287.6,52.8,54.2,61.72,28.97,71.751
76,299.1,52.66,61.84,65.13,28.79,69.966
63,305.7,52.21,53.53,65.66,29.78,71.697
82,292.9,51.29,58.46,65.88,29.14,70.953
74,295.9,51.27,56.16,61.64,28.88,72.194
75,300.7,50.15,54,64.79,29.41,71.882
